battery,cycle,mean_voltage,min_voltage,max_voltage,voltage_range,mean_current,min_current,mean_temperature,max_temperature,discharge_duration_s,voltage_drop_rate,capacity_ah,soh_pct
B0005,1,3.553734001235637,2.612467347907089,3.9748709122299895,1.3624035643229004,-2.0126207740316393,-2.0180146876333027,32.285161196889085,38.90411223853604,3311.234,0.00041144889316880066,1.8564874208181568,92.82437104090783
B0005,2,3.5609987370492955,2.5872087289407264,3.979156704814032,1.3919479758733058,-2.0125607983390714,-2.016820542901454,32.4383266744855,38.9345898962704,3293.125,0.0004226830065282386,1.8463272497199268,92.31636248599634
B0005,3,3.565476195998501,2.65191689384378,3.979994937998008,1.3280780441542284,-2.01247381130899,-2.016573862170142,32.363278988108235,38.74364933715347,3273.656,0.00040568649978929626,1.835349194223408,91.7674597111704
B0005,4,3.5653781905236586,2.5929479647765468,3.981612882423148,1.3886649176466013,-2.012180500929662,-2.0159359571668354,32.236974872161184,38.67251117886956,3273.969,0.00042415334954197835,1.8352625275821128,91.76312637910564
B0005,5,3.5650189486597204,2.54741965112454,3.982253241291924,1.4348335901673837,-2.012707103960666,-2.017425579158831,32.09975412948961,38.5588283762414,3272.032,0.000438514534750083,1.8346455082120416,91.73227541060209
B0005,6,3.5661638779339415,2.5209480504077413,3.983439619400648,1.4624915689929066,-2.012865157600926,-2.0162347618032066,32.1386222010368,38.64849426602047,3273.547,0.00044676052275800733,1.8356616600675493,91.78308300337747
B0005,7,3.56692230540028,2.487927319492314,3.984584114231272,1.496656794738958,-2.012776560329247,-2.01583310669507,32.18134661596578,38.707161399468006,3272.86,0.00045729325261054793,1.8351461429226603,91.75730714613302
B0005,8,3.572893698987939,2.665204904745877,3.986072992655384,1.3208680879095072,-2.0128773736640815,-2.0166395518034546,32.1617338780491,38.48247850754903,3255.906000000001,0.00040568372917077665,1.8257567905665533,91.28783952832767
B0005,9,3.5715814462823636,2.603858472633368,3.9861816134942014,1.3823231408608336,-2.012794948646172,-2.018357230695621,32.104340107810415,38.46047117066617,3254.313,0.0004247664993689401,1.8247738529891333,91.23869264945667
B0005,10,3.5706539530552175,2.552853984885676,3.986907967132888,1.434053982247212,-2.012368620685179,-2.016071837814984,32.03038907493314,38.440002263808495,3254.625,0.00044062034251172164,1.824613268496936,91.2306634248468
B0005,11,3.568477781014362,2.472448301852732,3.9865987578580886,1.5141504560053565,-2.01236446542726,-2.0160713863396573,31.91689334727631,38.42303985411221,3254.640000000001,0.0004652282452146339,1.8246195526864504,91.23097763432251
B0005,12,3.5749407049115574,2.64956413267546,3.9888662437247535,1.3393021110492933,-2.012833741252596,-2.016851865845563,32.15408727301222,38.4674347458956,3235.281,0.0004139677855028028,1.814201935767392,90.7100967883696
B0005,13,3.572885760484142,2.5724981777366227,3.9886187732461087,1.416120595509486,-2.0124138220773284,-2.016393908986775,32.11943504270057,38.50748485560728,3235.157,0.00043772855398037434,1.8137521577549047,90.68760788774523
B0005,14,3.5709222016029627,2.5249886697730286,3.9874440010487904,1.4624553312757618,-2.0123424197152504,-2.0158117255163046,31.954219605594925,38.43649902755072,3234.718,0.00045211215669364743,1.8134404914735824,90.67202457367912
B0005,15,3.575258630844564,2.6946218616887228,3.987897722447335,1.2932758607586123,-2.012270500331637,-2.0193509920362724,31.851807455920245,38.16868880096885,3215.422,0.0004022103042022516,1.8025980036306504,90.12990018153252
B0005,16,3.5732210909818423,2.64010141737067,3.9877220404559415,1.3476206230852714,-2.012469028915947,-2.0164420273602586,31.75452682651172,38.1359924800777,3214.203,0.00041927053863283415,1.8021069002461496,90.10534501230748
B0005,17,3.5713950144903435,2.573903509838096,3.9877949234155072,1.4138914135774114,-2.012663090194962,-2.016465255161054,31.780906769807707,38.235046911721184,3214.766,0.00043981161104024723,1.8025795008262089,90.12897504131044
B0005,18,3.5692696790339955,2.4942396831720126,3.987770811438784,1.4935311282667714,-2.012767677535523,-2.0181069603406625,31.823552148010457,38.37206827600844,3215.438,0.00046448761514505065,1.8030683142834096,90.15341571417048
B0005,19,3.5682979758950975,2.4556793246645583,3.9880992885848574,1.532419963920299,-2.0126482949048174,-2.0170254305215485,31.82215936356865,38.41874277055602,3215.125,0.00047662842468653604,1.802777624719604,90.1388812359802
B0005,20,3.5731562443821945,2.6321428007989143,3.986357576489208,1.3542147756902936,-2.0125615843204474,-2.01684718332263,32.14416119981345,38.40348293513608,3294.421,0.0004110630595453021,1.8470259949329195,92.35129974664598
B0005,21,3.5726676338614305,2.5027764692056795,3.9882028787675567,1.4854264095618772,-2.012341595590293,-2.016190951623346,32.4878611036943,38.90427046351709,3295.469,0.0004507481058270848,1.847417311283644,92.3708655641822
B0005,22,3.574336031234615,2.617507742871704,3.9873262135928367,1.3698184707211327,-2.0121676888591917,-2.016760348146938,32.115733911001165,38.45267402611068,3275.672,0.0004181793753224171,1.8361774213478947,91.80887106739473
B0005,23,3.5753552785390053,2.694074478000972,3.9861838358072186,1.2921093578062464,-2.0123035856991933,-2.0160230713598764,31.800192342592936,38.14255653759616,3256.829,0.0003967384710116025,1.825780747577624,91.2890373788812
B0005,24,3.5729091665339965,2.6237674644021887,3.9858626870028,1.3620952226006113,-2.012363805431341,-2.01719076462715,31.68272295754249,38.1130812025911,3255.578,0.00041838813955635877,1.8251136435078368,91.25568217539184
B0005,25,3.5696804875530543,2.5010798299873738,3.9864416547916175,1.4853618248042437,-2.012308543064403,-2.016114862565665,31.643330783790788,38.184591581774185,3256.468000000005,0.00045612664543432995,1.825581504220376,91.2790752110188
B0005,26,3.5742333975936056,2.68499881852498,3.986500544312997,1.3015017257880168,-2.0123924130826953,-2.016863630474281,31.536204339302458,37.949467459972894,3235.656,0.00040223735953019013,1.814031127508391,90.70155637541954
B0005,27,3.56960087728755,2.547109116468133,3.9854748590167297,1.4383657425485965,-2.0123608967318036,-2.024643671910137,31.459070577367882,38.01919311449829,3237.047,0.0004443450288329445,1.8147691941158937,90.73845970579468
B0005,28,3.567340701496511,2.471314764334132,3.985346830956144,1.5140320666220122,-2.0125325631738633,-2.017291134571006,31.423257964228554,38.07657425769093,3235.328,0.0004679686469569738,1.813969388710352,90.69846943551761
B0005,29,3.5721687789508554,2.6613903306108773,3.986068533382712,1.324678202771835,-2.0125403910465263,-2.0171371258923303,31.43324190161474,37.93152652621658,3215.297,0.0004119924855376766,1.8027656651678232,90.13828325839116
B0005,30,3.5685077015034765,2.5417623554079207,3.9859361130233184,1.4441737576153977,-2.012554706883981,-2.015946028510057,31.4618452681009,38.09349795180285,3217.609000000001,0.0004488344474469699,1.804077040117352,90.2038520058676
B0005,31,3.570431476439235,2.628919415830567,4.00833685859264,1.3794174427620733,-2.0127723440327867,-2.0167372379007014,31.727392634581534,38.431475133067295,3307.0,0.0004171204846574156,1.8518025516704488,92.59012758352245
B0005,32,3.572976740491354,2.6312552691827045,4.010265422304266,1.3790101531215613,-2.0125440846361036,-2.0183057226929555,31.918881543463627,38.41151361110139,3269.625,0.00042176401058884776,1.8307038456739428,91.53519228369714
B0005,33,3.5722287900085328,2.654880745360911,4.009875957167357,1.3549952118064459,-2.0124045188661523,-2.016579511976592,31.68716664550134,38.23656074919321,3250.516,0.000416855419818406,1.8199041089501269,90.99520544750635
B0005,34,3.5702115819997724,2.6749688422803803,4.008273456851796,1.333304614571416,-2.012253486595877,-2.0193879194408373,31.288352041188826,37.86193464017681,3231.844,0.00041255228116561813,1.809307963702852,90.4653981851426
B0005,35,3.567812537410805,2.6159705726789904,4.008794435636435,1.392823862957445,-2.0122568970732284,-2.0158144838138368,31.23831210657633,37.85234522947546,3223.39,0.0004320990829398382,1.80460990458052,90.23049522902599
B0005,36,3.5702245541610393,2.658447162110498,4.0092420120433685,1.3507948499328704,-2.012536776998749,-2.019901495893039,31.71966404878312,38.2195280246262,3213.609,0.0004203357813389465,1.7993770651972192,89.96885325986096
B0005,37,3.5692555970828743,2.697942608427116,4.008290631679594,1.3103480232524776,-2.012279693129555,-2.016522387288751,31.454879440833913,37.97707473630467,3194.5,0.0004101887692134849,1.7884432335370462,89.42216167685231
B0005,38,3.5668074181039975,2.6617272246516333,4.00815465865438,1.346427434002747,-2.0121862398303665,-2.017112121704317,31.301037991322836,38.01040809761953,3184.765,0.00042277136115309827,1.7829230484252725,89.14615242126362
B0005,39,3.5658330003378453,2.699288287625812,4.006633221532959,1.3073449339071468,-2.012284463482986,-2.0180099883398217,31.128419631540787,37.78153326259964,3166.922,0.00041281248287995307,1.7730337158018288,88.65168579009143
B0005,40,3.563344783195663,2.612793240883853,4.006899067295745,1.394105826411892,-2.012735535150391,-2.017724236336294,31.372328720081764,38.14716767155235,3166.157,0.00044031481269308245,1.773037755078937,88.65188775394685
B0005,41,3.5664929337592155,2.6637064901468075,4.00844129502531,1.3447348048785028,-2.0125747782114396,-2.0167924886252218,31.90561373628523,38.66523767048857,3157.203,0.00042592598729904375,1.7678721106662054,88.39360553331026
B0005,42,3.5663467647321916,2.6668454289754746,4.008852679269583,1.3420072502941083,-2.0125002611730145,-2.0172551326315857,32.066365989100824,38.73374102208452,3147.407,0.0004263850370460853,1.762315070409309,88.11575352046545
B0005,43,3.5644729044158607,2.684431051981017,3.9894828808366913,1.3050518288556745,-2.0125508888646335,-2.0159457514475405,31.691950220187852,38.46446447427885,3152.4680000000008,0.00041397781955460744,1.7676172924938447,88.38086462469224
B0005,44,3.563117585494254,2.645224362345869,4.009045795198071,1.3638214328522023,-2.012390574693922,-2.021877555086194,31.553869938091232,38.20618881420677,3148.187,0.00043320852060319237,1.762668359743147,88.13341798715734
B0005,45,3.5601691500916584,2.6603527244917,4.005970999637656,1.3456182751459558,-2.0122294906482634,-2.0169903181968984,31.20695382938539,37.871573694580434,3128.875000000001,0.00043006456798240755,1.7517304870664143,87.58652435332071
B0005,46,3.559882470525512,2.6926849789916263,4.005624209031538,1.3129392300399116,-2.0125270901762597,-2.016185456554963,31.119437146924874,37.82004945543392,3110.719,0.000422069376899653,1.7418496047960008,87.09248023980004
B0005,47,3.557751309439895,2.670544734728978,4.005042729170244,1.3344979944412656,-2.0123448200092056,-2.0170647431651068,31.142324933103698,38.042380967873534,3100.719,0.00043038340283052594,1.7360913511847138,86.8045675592357
B0005,48,3.5696720044904935,2.605158060541757,4.004888902012153,1.3997308414703964,-2.012327141661875,-2.0168134548386294,34.16862750045242,40.61676409324107,3203.672,0.0004369145285380015,1.7936240148573608,89.68120074286804
B0005,49,3.572245052369028,2.6720120074530955,4.013376696144325,1.3413646886912298,-2.012255603035247,-2.0165540953857675,33.26340881839397,39.75352205267765,3185.11,0.0004211360639636401,1.7831890223273277,89.15945111636638
B0005,50,3.5674729664329634,2.674271233724938,4.010096937555259,1.335825703830321,-2.012160379995677,-2.022483480851903,32.490926655174746,39.07955502788136,3156.906,0.00042314395925324385,1.7673642076278957,88.36821038139479
B0005,51,3.5632249394949618,2.6309416727017187,4.008599843022157,1.3776581703204385,-2.0120916564167795,-2.016804145903712,32.1004048849872,38.7514197535489,3138.515,0.00043895223388144985,1.7570177850353066,87.85088925176532
B0005,52,3.561407000953216,2.6629725743154204,4.007463315210666,1.3444907408952456,-2.0121988894337948,-2.0172800396238526,31.80858483976316,38.5521344719629,3120.203,0.00043089848349458213,1.7468706179837907,87.34353089918953
B0005,53,3.559191212016126,2.612942119873717,4.0075989935452725,1.3946568736715554,-2.0122972096944234,-2.0159193745006387,31.85613244329429,38.74877822268547,3110.859000000001,0.0004483188963792814,1.7417172507457144,87.08586253728572
B0005,54,3.559467724666476,2.615719844266148,4.007716460831893,1.391996616565745,-2.0123765525408666,-2.020605919573001,32.21433475979851,39.086996056790376,3101.265,0.00044884800768903816,1.7364225056478186,86.82112528239094
B0005,55,3.557234307073009,2.6287695472774453,4.0062817858401,1.3775122385626548,-2.0123689117842964,-2.017554048083073,31.932414171547332,38.78645819231579,3083.141,0.0004467885959684149,1.7263217239235826,86.31608619617913
B0005,56,3.5563543254594276,2.6655106679421823,4.00516490678463,1.339654238842448,-2.0123233576050907,-2.016416703030436,31.806948347694444,38.81108844804652,3064.453000000001,0.00043715933605196344,1.7158065389330133,85.79032694665067
B0005,57,3.5542506750937575,2.650495153350404,4.005234097311831,1.354738943961427,-2.0125078142477264,-2.0170229987437884,31.719418757570278,38.66347864926757,3054.75,0.00044348602797656994,1.710533351135192,85.52666755675959
B0005,58,3.5537353305731267,2.643236235233877,4.004907929420898,1.3616716941870206,-2.0127830154757986,-2.016783933430818,31.94213732423374,38.95945000158567,3046.172,0.0004470107709568011,1.706014499648521,85.30072498242605
B0005,59,3.5543902891669417,2.656450207001938,4.006223021872478,1.3497728148705406,-2.0125688961709036,-2.019982930624072,32.28634852369665,39.13447565585548,3036.39,0.0004445320972834651,1.7003110272642588,85.01555136321294
B0005,60,3.551356777870709,2.626177688152069,4.0048886088630935,1.3787109207110246,-2.0124018530025216,-2.0164483122303767,32.11285434895031,39.05947645454438,3026.328000000003,0.0004555722052305709,1.6945798601797897,84.72899300898948
B0005,61,3.550914035105237,2.6582230344240045,4.004975700133282,1.3467526657092774,-2.0125222401041882,-2.026465491633473,32.00508249494518,38.988659823386286,3008.89,0.0004475911933335142,1.6849029086609286,84.24514543304643
B0005,62,3.5498576171494456,2.695100237338448,4.0039721758193485,1.3088719384809004,-2.01252933040692,-2.017330650607364,31.82062970743913,38.82686153852645,2990.156,0.00043772697427187763,1.6744741591159715,83.72370795579857
B0005,63,3.5476810471996116,2.639091813583503,4.003705496851481,1.364613683267978,-2.012531009094297,-2.02257876070347,32.06640903758551,39.275975313518494,2990.391,0.00045633286191269903,1.6745692479879102,83.72846239939551
B0005,64,3.5475061056007857,2.6857210282450983,4.003580200888358,1.3178591726432596,-2.0120392558260454,-2.0158674131052456,31.99230408536781,38.97342335718236,2971.641,0.0004434785940304564,1.663716375981405,83.18581879907026
B0005,65,3.548799964681219,2.6901786651087303,4.005978321897794,1.3157996567890633,-2.012493620762592,-2.016878594815316,32.22983292223401,39.331053622444905,2962.624999999997,0.00044413304309153694,1.659013868748246,82.9506934374123
B0005,66,3.543675771751768,2.63989531335958,4.002902939087468,1.3630076257278878,-2.0124865016953244,-2.019019155129933,32.117439229043214,39.37256927347493,2953.359,0.0004615109865505304,1.6538540573335014,82.69270286667508
B0005,67,3.5433112663073816,2.68991452927918,4.001693501949356,1.3117789726701763,-2.012293227239166,-2.0179820220655023,31.988642290253942,39.20264067251961,2933.625,0.0004471529158192258,1.6426537821301308,82.13268910650655
B0005,68,3.5406827219778823,2.6593581884887403,4.000869908097616,1.3415117196088753,-2.0124359768499382,-2.0158401305926343,32.005941918107126,39.29223196862651,2924.828,0.0004586634563156792,1.6378578430223698,81.89289215111849
B0005,69,3.540276265629933,2.6657030585650423,4.0013459734468375,1.3356429148817952,-2.012556612764061,-2.0192083553177325,32.076286037846195,39.39359788488456,2915.5,0.0004581179608581016,1.6327350407099108,81.63675203549555
B0005,70,3.5383639655796335,2.642986759012804,4.001439711918259,1.3584529529054548,-2.012368004729717,-2.0177540655234267,32.11567491167543,39.4709181709351,2906.860000000004,0.0004673265836350745,1.6277528915533617,81.38764457766808
B0005,71,3.5359053623100234,2.631116911889304,4.0003105017376495,1.3691935898483454,-2.01250017227431,-2.016206764491147,32.11075313600781,39.54921072457339,2896.594,0.0004726908879353977,1.622125485521159,81.10627427605796
B0005,72,3.5370582528590306,2.6961574046171672,4.000090755301954,1.3039333506847863,-2.0125025467695647,-2.018425729441905,32.06730702242606,39.39370035955599,2877.281,0.0004531824839787238,1.6113256603765849,80.56628301882924
B0005,73,3.5343876238937155,2.6667596238241567,3.999281229400003,1.3325216055758462,-2.0125471171905733,-2.0200094988659028,32.09117097106051,39.522122794825336,2868.688,0.00046450558777247515,1.6065631397488385,80.32815698744193
B0005,74,3.531857109596,2.6403185448373043,3.998751861482956,1.3584333166456517,-2.012495736191541,-2.0160906793454063,32.09098643250782,39.583822021338776,2859.75,0.0004750182067123531,1.6015142233917594,80.07571116958798
B0005,75,3.5324795554291333,2.6989298637289703,3.998173460318303,1.2992435965893327,-2.0122591536191647,-2.017218805788003,32.03179013362736,39.42692706970709,2840.11,0.0004574624210292322,1.590369231400328,79.5184615700164
B0005,76,3.5296329566284235,2.6682466504353,3.9981052820115033,1.329858631576203,-2.012788727308706,-2.017576881832417,32.001937895611775,39.484665188466174,2831.235,0.0004697097314692009,1.5857889968242211,79.28944984121105
B0005,77,3.5262954588349094,2.6479207279724903,3.9982451454078434,1.350324417435353,-2.012322293840228,-2.0163186530776205,31.88942530805368,39.32662729388425,2830.344,0.0004770884448799697,1.5849430707374117,79.24715353687058
B0005,78,3.532885638969158,2.6741633856529066,4.001839950512767,1.32767656485986,-2.012408218968765,-2.016322017667326,32.438925029736346,39.7034941383589,2849.172,0.0004659868076970643,1.5955263892495937,79.77631946247968
B0005,79,3.526819017501282,2.6892528956736257,3.9962087912526494,1.3069558955790237,-2.012039913699214,-2.016058383461316,31.878176837436364,39.265407543316286,2812.484,0.0004646980731549135,1.5747301747801037,78.73650873900519
B0005,80,3.5232536728632087,2.6888091229931623,3.9947346925771288,1.3059255695839664,-2.012643035948646,-2.0176016183677974,31.601685825213966,39.11440680157244,2794.047,0.00046739570579305443,1.5649019950937946,78.24509975468973
B0005,81,3.5220647312700244,2.6743555987897745,3.994787428416634,1.3204318296268593,-2.0127163235281547,-2.018404141903304,31.740245897668697,39.32476838126078,2784.765,0.00047416274968511144,1.5597659473370362,77.98829736685181
B0005,82,3.521769426618509,2.6430294964336345,3.994793496316385,1.3517639998827504,-2.0129792891800626,-2.0167778526758893,32.22384167838615,39.87862011320845,2783.844,0.00048557462267381015,1.5594815668184234,77.97407834092117
B0005,83,3.522760282160166,2.6584858447131823,3.995636832663757,1.3371509879505745,-2.012834959711419,-2.019500858990014,32.46635703521295,40.00950856663861,2775.5,0.0004817694065755988,1.55468935359061,77.7344676795305
B0005,84,3.5193911774689974,2.629782173759164,3.994786004983226,1.3650038312240618,-2.012781340263635,-2.025028692484549,32.36082780187084,39.98828499189766,2765.203,0.0004936360300578517,1.5488741079890418,77.44370539945209
B0005,85,3.5180563387868187,2.6622967647315545,3.9940768671930034,1.3317801024614488,-2.012461797170106,-2.017188769565156,32.13589239884342,39.700095117043546,2746.594,0.0004848842247749208,1.5382365989425582,76.91182994712791
B0005,86,3.5153080694025904,2.6823809667425094,3.991717942014789,1.3093369752722794,-2.012408250869963,-2.0203529496154493,31.872601997614883,39.50409706767029,2728.172,0.00047993197469671246,1.527914258251028,76.39571291255139
B0005,87,3.513886046002976,2.640189476892272,3.9919832483735553,1.3517937714812835,-2.012934238767065,-2.016749317444538,32.15929260122239,39.91920745058851,2728.578000000001,0.0004954206079068596,1.5285252629756445,76.42626314878223
B0005,88,3.5172345271857894,2.6937694091372566,3.993177190256773,1.2994077811195166,-2.0124628828514735,-2.016964364118414,32.47375515745856,40.11005609160343,2718.719000000001,0.00047794854161813566,1.5226473252843782,76.13236626421892
B0005,89,3.51636460217966,2.695787450704936,3.99301351243812,1.2972260617331837,-2.012515044746763,-2.017715447411052,32.52302018924377,40.17586235700117,2709.422,0.0004787833204769075,1.5174859938489869,75.87429969244934
B0005,90,3.530675922547557,2.6920548172137724,4.018829879603911,1.3267750623901384,-2.01277398406004,-2.017087516284557,32.39041028390132,39.98142091532012,2867.015,0.00046277227792325415,1.605818899130659,80.29094495653295
B0005,91,3.5271617033789404,2.629071246219689,4.000591816205768,1.371520569986079,-2.0128409703915318,-2.0177115857667665,32.884732039135066,40.37752962876011,2791.875,0.0004912542896748885,1.5638491446744425,78.19245723372212
B0005,92,3.5234875150526763,2.6313438710509183,3.9973011487124097,1.3659572776614914,-2.0125158298123935,-2.0160877086861952,32.86890619084729,40.42741464560447,2764.125,0.00049417348262524,1.5480915247767786,77.40457623883893
B0005,93,3.5227657601362403,2.6983970036642315,3.996088398413973,1.2976913947497413,-2.0124661663345353,-2.0174325692631547,32.651012943284606,40.14829951065202,2736.109,0.0004742835152948005,1.5323755631868592,76.61877815934297
B0005,94,3.5167178932572494,2.6338485871981514,3.9944449528425294,1.360596365644378,-2.0124226352302506,-2.0179760237051068,32.493791728074285,40.1449227052691,2726.484000000001,0.0004990296534453816,1.5269528268489705,76.34764134244853
B0005,95,3.5162748974808755,2.6715662078618183,3.993526668045007,1.3219604601831887,-2.0124310973035904,-2.0166844552673258,32.39724932792578,40.0408316084248,2708.547,0.00048806997263964357,1.5169573017136326,75.84786508568163
B0005,96,3.5140402596928833,2.6540810507928123,3.993437194859632,1.3393561440668198,-2.0126098653206324,-2.0185074328810417,32.4680371989861,40.178578362590216,2699.297,0.00049618702353495,1.511897596014269,75.59487980071346
B0005,97,3.5129673461013,2.656849703962618,3.9929297937506063,1.336080089787988,-2.0128081724370412,-2.0206154364574687,32.498023772255245,40.220286761756896,2689.438,0.0004967878381237969,1.5065638960681105,75.32819480340552
B0005,98,3.51083957407366,2.6363048614501152,3.992445152775898,1.356140291325783,-2.0125375414920077,-2.017421211930756,32.53070629547102,40.27625422581843,2680.875,0.0005058573381175113,1.5015453526671363,75.07726763335681
B0005,99,3.511932721905601,2.6995169230046803,3.9914037459741456,1.2918868229694653,-2.012660318678924,-2.0224772834102507,32.50756236757365,40.18817948927436,2661.563,0.00048538652775435533,1.4908444050400238,74.54222025200119
B0005,100,3.5107794369212866,2.6982160060322817,3.991386930435174,1.2931709244028924,-2.0125651361878227,-2.0179249554704706,32.5572939862102,40.25484092928591,2652.765,0.0004874803928741869,1.485868384561201,74.29341922806006
B0005,101,3.508979028342575,2.6911707598773864,3.9906109687346167,1.2994402088572303,-2.0123494220833447,-2.018486701026112,32.56686690356961,40.30569908206496,2643.297,0.0004915982611326802,1.480413677976106,74.02068389880529
B0005,102,3.507645444602304,2.690162319231471,3.990509366751673,1.300347047520202,-2.01273518783308,-2.017202918759472,32.565741682993846,40.317307847716044,2633.438,0.0004937830499598631,1.4752095869031632,73.76047934515816
B0005,103,3.504977378063947,2.6355034454892072,3.9859766181669984,1.3504731726777912,-2.0127770698296628,-2.017032616337778,32.63677955482194,40.436704898222594,2652.579,0.0005091170414444927,1.4859035988304024,74.29517994152012
B0005,104,3.5146455295161294,2.6594753656507684,3.9981746737052046,1.3386993080544363,-2.0127580044782922,-2.020648432189961,33.25281367230557,40.86152995099408,2670.813,0.0005012328860367373,1.4960918298136696,74.80459149068348
B0005,105,3.5085572759376626,2.6445549998245768,3.991725343834138,1.347170344009561,-2.012812819436133,-2.018056806197647,33.11409114312579,40.85667657115688,2643.389999999994,0.0005096373762515421,1.4808005946928984,74.04002973464492
B0005,106,3.5072267631624614,2.6719601666204564,3.9913936279464783,1.319433461326022,-2.0126712688686084,-2.017916668624779,32.96900078923528,40.70819247073464,2623.813,0.0005028687110422968,1.4697543268466824,73.48771634233412
B0005,107,3.501591952464586,2.6598211033173382,3.983907192346003,1.3240860890286648,-2.012458380844271,-2.0275917172244133,32.744188356053726,40.54781449399642,2595.75,0.0005100976939338013,1.4539012274845928,72.69506137422964
B0005,108,3.5027806814095643,2.6883604555088185,3.9880784914625664,1.299718035953748,-2.013069976276326,-2.017344770444764,32.75445176121382,40.56795872332495,2595.375,0.0005007823670774928,1.454146206723569,72.70731033617845
B0005,109,3.501522084962682,2.6376728619288525,3.989263009571216,1.3515901476423635,-2.0130763164045415,-2.017072416845675,33.05541893854867,40.91212796995131,2596.953,0.000520452294532232,1.455023751906683,72.75118759533416
B0005,110,3.5008642385025093,2.6451205211510764,3.9879387640843498,1.3428182429332733,-2.0125836997100617,-2.017938882324793,33.19213988218562,41.05450476478047,2586.875,0.0005190889559539109,1.4490421637612358,72.45210818806179
B0005,111,3.500074720993312,2.698012437629632,3.986983849131764,1.288971411502132,-2.0126468018540007,-2.029098489464331,32.926869520547214,40.72038694409774,2568.203,0.0005018962330867661,1.4386709371480566,71.93354685740283
B0005,112,3.497917715436115,2.692894277298908,3.9861832657405687,1.2932889884416605,-2.0131061896649296,-2.0250488786750047,32.78216407259394,40.64572662339671,2558.328,0.0005055211796304698,1.4334454321569792,71.67227160784896
B0005,113,3.4965044953229256,2.648392365505812,3.9868982990396193,1.3385059335338072,-2.012982732508472,-2.0170494375017745,33.05636510311532,40.97215861651164,2558.391,0.0005231827087938502,1.4333958900838095,71.66979450419048
B0005,114,3.4982454333644517,2.6832134764262,3.986600745994181,1.3033872695679807,-2.0128293898776337,-2.017587381204539,33.296327304717394,41.13410609927847,2549.047,0.0005113233571479775,1.42806487344776,71.403243672388
B0005,115,3.496456702218294,2.6849604452218614,3.986103849480939,1.3011434042590775,-2.0126524698622026,-2.0245398824990146,33.167134488487974,41.03272022021008,2540.079,0.0005122452507418381,1.4229203181741186,71.14601590870593
B0005,116,3.493161473067914,2.6699221205294563,3.984621175864837,1.3146990553353808,-2.012395547453008,-2.01689808000431,32.984550852420064,40.90528395430261,2530.547,0.0005195315697892118,1.417429032731308,70.8714516365654
B0005,117,3.4903937131989675,2.664105530655056,3.983650450000931,1.319544919345875,-2.0127040411307284,-2.0197651300783948,32.82057480011873,40.80053581253233,2521.172,0.0005233855204428238,1.412409228794446,70.6204614397223
B0005,118,3.4900513198032135,2.634098605983684,3.984261559961837,1.350162953978153,-2.0129012444747363,-2.018228083548545,33.080854169316474,41.09540194136111,2521.234,0.0005355167168054029,1.4125787929401932,70.62893964700966
B0005,119,3.493610891498895,2.6837870297061603,3.985239882977279,1.3014528532711185,-2.0130507902899946,-2.0178512019397976,33.41659471567916,41.31240545555636,2512.141,0.0005180652094253939,1.4075983731469897,70.37991865734948
B0005,120,3.496793467162197,2.660031949282934,3.9797500562691934,1.3197181069862594,-2.012988864018108,-2.017223089332264,33.29189896528116,41.03039042540785,2558.375,0.0005158423245170311,1.4333920485221476,71.66960242610739
B0005,121,3.5018229756758634,2.650011641082063,3.9926756256437534,1.3426639845616903,-2.012640808244782,-2.0257290511470427,33.47142586506688,41.218903653009626,2567.516,0.0005229427916171468,1.4382550176792908,71.91275088396453
B0005,122,3.496659459346783,2.6936969083341418,3.986076558103598,1.2923796497694564,-2.012667780967791,-2.01734921830549,33.14054362978897,40.89182036981729,2530.078,0.0005108062477794979,1.4173547174485526,70.86773587242763
B0005,123,3.4927278576897365,2.697073130067154,3.9843793108425913,1.2873061807754373,-2.0124599967132286,-2.016959683770622,32.838652905441236,40.65247840321352,2511.828,0.0005124977429885475,1.4069816636776429,70.34908318388214
B0005,124,3.48950537721977,2.6806995515145213,3.9832193354423584,1.302519783927837,-2.012512112436685,-2.0173176445033945,32.76459130735134,40.67440385059604,2501.438,0.0005207084020982479,1.4012037783587623,70.06018891793812
B0005,125,3.487425287858074,2.6695398084864568,3.982353010169572,1.3128132016831153,-2.0126494223658913,-2.0174893103299003,32.76086185209376,40.71463450273824,2493.156,0.0005265668099722261,1.3967008232726328,69.83504116363164
B0005,126,3.4859655607018816,2.671695307817952,3.981647460302149,1.3099521524841968,-2.0125672974798636,-2.016208232434632,32.74141108436505,40.70565144370409,2483.593,0.0005274423597119967,1.391284788852726,69.5642394426363
B0005,127,3.483878029651154,2.6612891859499648,3.980596212035141,1.319307026085176,-2.01247840534192,-2.01785516482798,32.711759853520526,40.696869156069326,2474.656,0.0005331274432022778,1.3862287677978349,69.31143838989175
B0005,128,3.4820747852430367,2.6678175335401018,3.979793653827066,1.3119761202869644,-2.012440825982662,-2.01649929452358,32.60716141038384,40.60442540222535,2464.344,0.0005323835147556365,1.3804366761974138,69.02183380987069
B0005,129,3.4817907745572634,2.684008069130594,3.9799897491336624,1.2959816800030683,-2.01244836559252,-2.0162911974216766,32.5561704268564,40.55455497537322,2455.047,0.0005278846718629291,1.3752364150256224,68.76182075128112
B0005,130,3.478686412004026,2.6585256208771644,3.977284894490954,1.3187592736137894,-2.0125247244568385,-2.016416530728208,32.58592348008696,40.64562757946504,2446.484,0.0005390426725103411,1.3705128024895008,68.52564012447505
B0005,131,3.477370880768085,2.6372250579822927,3.978554294797132,1.3413292368148393,-2.0124821027716964,-2.01668335956764,32.63028163536931,40.72913511316858,2446.516,0.0005482609706271446,1.37050855662704,68.525427831352
B0005,132,3.476347864324556,2.6514257735606432,3.977722293534032,1.326296519973389,-2.0123443541261046,-2.0156447128046424,32.56475767254035,40.66733103851702,2436.375,0.0005443728982498133,1.3647355108681518,68.23677554340759
B0005,133,3.482636552693905,2.6763846591083817,3.9739267230614863,1.2975420639531046,-2.0122920082329636,-2.015672372070857,33.08669392803781,41.01678265751372,2455.484,0.0005284261937577702,1.375392016895762,68.7696008447881
B0005,134,3.4897144091448475,2.694913850281781,3.986574331984997,1.2916604817032158,-2.0124739048506752,-2.01575998810726,33.24626256966612,41.11358772081228,2474.453,0.000521998389827253,1.3861115151535393,69.30557575767696
B0005,135,3.48449412075913,2.697334371630628,3.9823479281644896,1.2850135565338614,-2.0124240682904375,-2.016014837696764,33.06996682256035,41.0291651832534,2445.422,0.0005254772209188686,1.369850003583894,68.4925001791947
B0005,136,3.4776680623166545,2.642540259937964,3.9788109089557855,1.3362706490178216,-2.012401164484939,-2.0165238233233063,32.90400359467697,41.02971442555573,2436.406,0.0005484597595876145,1.3647827949260758,68.23913974630379
B0005,137,3.4773193309560164,2.699226257883076,3.977308381045232,1.278082123162156,-2.0123570137798144,-2.0182163733141314,32.63349290453175,40.725361461895965,2417.719,0.0005286313765835302,1.3543220466259964,67.71610233129982
B0005,138,3.4776031853967715,2.676480329780849,3.978293252236592,1.3018129224557429,-2.012422711653454,-2.016150778973011,32.99204452045795,41.10772804575616,2418.219,0.0005383354123244185,1.3546417018378962,67.73208509189482
B0005,139,3.4763666112329936,2.642142168479886,3.978260393493733,1.336118225013847,-2.01241264872192,-2.01761812862162,33.191854308259735,41.31060428109281,2418.36,0.0005524893833068059,1.354703921319241,67.73519606596204
B0005,140,3.473894856971782,2.6447252549267968,3.977642282917216,1.3329170279904194,-2.012332715905872,-2.017297732143782,32.97196747799897,41.11334870752542,2408.797,0.000553353822671823,1.349314997503458,67.4657498751729
B0005,141,3.4699290605079702,2.632270655366611,3.9765129931647456,1.3442423377981347,-2.012411623832033,-2.017223266913469,32.70205222121075,40.89456069448349,2399.515,0.000560214184032246,1.3441891937970554,67.20945968985276
B0005,142,3.4679683287832574,2.639100611887612,3.9748074971406537,1.3357068852530416,-2.0125936361095773,-2.0197342717689364,32.57571619478577,40.84992228375306,2390.031,0.0005588659248574775,1.3389913790695755,66.94956895347877
B0005,143,3.4694733811312943,2.637841830893275,3.975763259081284,1.3379214281880092,-2.012698950226648,-2.016896104476736,32.87395645596586,41.14847344508205,2389.766,0.0005598545749617365,1.3389145230206971,66.94572615103486
B0005,144,3.4705301382887424,2.668286095904868,3.975806773854009,1.3075206779491406,-2.012407089076797,-2.0199925086996786,32.90980775977493,41.07861653298174,2381.312,0.0005490757523370061,1.3340066759761655,66.70033379880827
B0005,145,3.46647664695645,2.649019812683856,3.9741549385033976,1.3251351258195418,-2.01224829599725,-2.016745074407458,32.671274431848566,40.92005469895581,2371.906,0.0005586794442189285,1.3286444309174914,66.43222154587457
B0005,146,3.4641474382607913,2.6640585123780505,3.972752883839529,1.3086943714614785,-2.0123955817775254,-2.0163628111205263,32.43908119173594,40.71555204594883,2361.953,0.0005540729944505579,1.323170899227622,66.15854496138111
B0005,147,3.46396498119019,2.6883611693898826,3.9719195548807584,1.2835583854908759,-2.0125232774027944,-2.016212123867104,32.3741605241612,40.6659906141436,2352.829,0.0005455383223731413,1.3181691588445197,65.90845794222598
B0005,148,3.4659946788334564,2.6869753836302124,3.97309632877342,1.2861209451432076,-2.0128061808354416,-2.0168197393548124,32.72454722010614,41.02006502006,2353.047,0.000546576819393411,1.3184664436640334,65.92332218320168
B0005,149,3.463599428282856,2.6507536817766586,3.973435398225949,1.3226817164492903,-2.0126467607704646,-2.0187637742643867,32.7040959976501,41.00121346642115,2352.907,0.0005621478946891187,1.318293040102702,65.9146520051351
B0005,150,3.461340733786629,2.664632278910652,3.9591372280878026,1.2945049491771505,-2.0127489747169087,-2.016191969154752,32.31620979279264,40.523979123550006,2362.782,0.000547873205897603,1.3238724222442682,66.1936211122134
B0005,151,3.4770229184444554,2.6400211837268666,3.982610049197398,1.3425888654705314,-2.0126400641100006,-2.021651287065962,32.80945472129489,40.899281677455136,2427.782,0.0005530104702442522,1.3601216766554785,68.00608383277392
B0005,152,3.4728114607175495,2.6741986613050344,3.975396517693587,1.3011978563885527,-2.0127150962533173,-2.0175924169504307,32.79138459025489,40.905184345691104,2390.844,0.0005442420569424657,1.3395306867947354,66.97653433973677
B0005,153,3.4703795099009582,2.696427051131168,3.9740927505869066,1.2776656994557385,-2.012566806408418,-2.0171105982760715,32.62626038859919,40.753742955528345,2372.219,0.000538595171632863,1.3290286565120697,66.45143282560349
B0005,154,3.4680525705780463,2.692834029769684,3.974186118662706,1.2813520888930219,-2.012453409700199,-2.0165753451036377,32.56089817770643,40.72306254078336,2362.796,0.0005423033088311568,1.3236741274998955,66.18370637499478
B0005,155,3.465297319950298,2.6817478553299616,3.9723762860428753,1.2906284307129137,-2.0124558150031158,-2.0157688095228656,32.50968154021569,40.71276289182772,2353.781,0.0005483213734467708,1.318633896753293,65.93169483766465
B0005,156,3.464480792609847,2.696791414385091,3.971914136791386,1.2751227224062953,-2.0125989240326314,-2.016274841649268,32.48474523783971,40.70252493379049,2344.375,0.0005439073196081239,1.3134751321324272,65.67375660662135
B0005,157,3.462359740925507,2.664695973142795,3.9722597842201366,1.3075638110773418,-2.0124874251079636,-2.016821101865832,32.50737965988563,40.769867912095535,2344.016,0.0005578305826740695,1.3132020634442203,65.66010317221101
B0005,158,3.4613573545685377,2.679191623358613,3.971078680842529,1.2918870574839159,-2.0125499365058905,-2.0165933442123603,32.45495347094155,40.70780065437411,2334.282,0.0005534408685342713,1.3077959946944353,65.38979973472176
B0005,159,3.461185822083135,2.6999834579406587,3.9700839915599686,1.2701005336193099,-2.0127203791562467,-2.018075144841628,32.43989515119898,40.68777813156935,2325.516,0.0005461585874357819,1.3030329186405918,65.1516459320296
B0005,160,3.4594816556013472,2.6663007866242863,3.9706547795226936,1.3043539928984074,-2.0126556973038143,-2.018091528339797,32.51166714495512,40.81433467794727,2326.219,0.0005607184847593486,1.3033573559038203,65.16786779519101
B0005,161,3.4575285794093715,2.630850137384784,3.9703618444574618,1.3395117070726776,-2.012536996828765,-2.0177167019715503,32.57097716110048,40.934649901431314,2326.391,0.0005757895844132296,1.3034100438655642,65.17050219327821
B0005,162,3.458696939812622,2.673348140468748,3.970505355404932,1.2971572149361839,-2.0125079655904994,-2.0160479224870884,32.598857133195345,40.90160573764766,2316.609,0.0005599379156932327,1.2978870806495706,64.89435403247853
B0005,163,3.455527141225805,2.632763831012711,3.9697904329298814,1.3370266019171706,-2.012715733661532,-2.0170670963482418,32.536935132338975,40.92333096225439,2316.625,0.0005771441652909602,1.2980735056918902,64.90367528459451
B0005,164,3.4568211311669836,2.6687371180046218,3.97041944919282,1.3016823311881982,-2.0130210947331415,-2.018208092691312,32.528330986032486,40.86467363859314,2308.094,0.000563964176150624,1.293463613844243,64.67318069221216
B0005,165,3.4574028262013905,2.696396337945361,3.9694497460882734,1.2730534081429123,-2.012793019531515,-2.018933300007017,32.575951855082444,40.85754514759514,2298.547,0.0005538513713850151,1.288003392619118,64.4001696309559
B0005,166,3.4560683531648237,2.6794834862925194,3.969489457000413,1.2900059707078935,-2.0129070496549324,-2.023790681896976,32.62422314794654,40.93702517259015,2297.469,0.0005614900443522387,1.2874525221379407,64.37262610689703
B0005,167,3.466683897614263,2.6787137407179737,3.9647307812471824,1.2860170405292086,-2.0128824177893265,-2.017308526034403,33.0269463791407,40.93609151716196,2336.015,0.0005505174583764268,1.3090153642307354,65.45076821153677
B0005,168,3.473016237274872,2.6553783698013262,3.9822597453103534,1.3268813755090272,-2.01317078790203,-2.017696449416675,33.243307108961076,40.87390886969321,2364.438,0.0005611825624139973,1.3250793286429356,66.25396643214678
B0006,1,3.550557700230974,2.4757677568281857,3.9665283685688166,1.490760611740631,-2.010939166720232,-2.015537581193984,32.22344921838915,39.16298653238707,3654.531,0.0004079211837963971,2.035337591005598,101.7668795502799
B0006,2,3.555128985381363,2.35152551190002,3.9699234098950793,1.6183978979950595,-2.010777622183323,-2.0149020169266376,32.37193753249334,39.2462026826329,3636.641,0.0004450254776303351,2.025140246031412,101.2570123015706
B0006,3,3.560418729464078,2.440479715106544,3.972711667742241,1.532231952635697,-2.0105573985373093,-2.0144343455524285,32.32227711900997,38.99920246025285,3615.875,0.0004237513610497312,2.013326371345464,100.6663185672732
B0006,4,3.5624445966525484,2.479155853900392,3.974101871052972,1.49494601715258,-2.010316534717545,-2.0142051662535234,32.225218189005744,38.84362777186652,3595.813,0.00041574631860794204,2.0132846655407413,100.66423327703706
B0006,5,3.5575729793451654,2.280187848173442,3.974047340293299,1.693859492119857,-2.010245348137195,-2.0139957693322383,32.144290396089524,38.97798888258284,3593.516,0.0004713655072413361,2.000528337624771,100.02641688123855
B0006,6,3.5671299897017263,2.4392842568466446,3.9885126478329487,1.549228390986304,-2.01069655508485,-2.0151519685741275,32.114146768596605,38.83989920742278,3616.578,0.000428368582396482,2.0138990759931645,100.69495379965822
B0006,7,3.5646876648263737,2.2812068449406446,3.989888986102888,1.7086821411622433,-2.0106670872583003,-2.0145081864690626,32.191153572455846,39.04610837498471,3615.266,0.00047262971553469185,2.0131011056269665,100.65505528134833
B0006,8,3.561710788073056,2.3664105270296134,3.974213724301459,1.6078031972718456,-2.0101511348828596,-2.0146816699579064,32.19149362154569,38.87507521022778,3536.875,0.0004545829856220097,1.9687898262728405,98.43949131364202
B0006,9,3.5628261239225836,2.4360200495787083,3.9735329542700826,1.5375129046913742,-2.0103242063472035,-2.0150719554881467,32.11513211878008,38.7260539826455,3515.016,0.00043741277555816937,1.9681661764334244,98.40830882167123
B0006,10,3.5568627104877786,2.1864377487643725,3.973888167054024,1.7874504182896516,-2.0103214336142665,-2.0155176072270926,32.07480152655763,38.98629728904917,3515.687,0.000508421374908987,1.9572307917560536,97.86153958780268
B0006,11,3.560125425779693,2.3406023605912454,3.974618608713628,1.6340162481223826,-2.0103792034166204,-2.014079047237871,31.953965675867977,38.65978861919642,3494.656,0.00046757570648509685,1.9455991514129352,97.27995757064676
B0006,12,3.562117328930858,2.4263021374140443,3.9751252765985097,1.5488231391844653,-2.0102596852302175,-2.0134697854511865,32.201537697709036,38.84979195732924,3455.281,0.0004482480988331963,1.934750504484113,96.73752522420564
B0006,13,3.56260911277401,2.475369770000704,3.9739602850985785,1.4985905150978747,-2.010343474112688,-2.0148749194363664,32.189385683297935,38.75128344015104,3434.625,0.00043631852534057567,1.9232799539368028,96.16399769684014
B0006,14,3.5592753774852115,2.342364523655007,3.975065769985208,1.632701246330201,-2.010322264382195,-2.0144081790374893,32.06906022286318,38.76853764058789,3434.406,0.00047539552584353775,1.911889930948487,95.59449654742434
B0006,15,3.554509382512122,2.188400081882664,3.973866105289337,1.785466023406673,-2.0104999878275422,-2.014472686005532,31.959933575020305,38.84686112344348,3414.656,0.0005228831318313391,1.9010667141979305,95.05333570989653
B0006,16,3.5510943998852507,2.1206980945954057,3.9713782114617295,1.8506801168663238,-2.0103985218381886,-2.0146756268214814,31.84986904057535,38.8658897816528,3393.625,0.0005453401942955759,1.8891989948061456,94.45994974030728
B0006,17,3.5560325486792443,2.3699814577992986,3.973304272232481,1.6033228144331826,-2.010454154307808,-2.0159313477052883,31.87211448011896,38.647578733807656,3373.812000000001,0.0004752258911976074,1.878278372248849,93.91391861244244
B0006,18,3.552339004540338,2.247991649924625,3.971539015470425,1.7235473655457998,-2.0104159932905588,-2.01432419683381,31.91157431689088,38.79218188173866,3354.766,0.0005137608302772234,1.8675697161520208,93.37848580760104
B0006,19,3.5549355815396617,2.4115317107898875,3.972590221380112,1.5610585105902244,-2.0105330762457885,-2.015920256743369,31.935030253366968,38.70730145683621,3334.515,0.00046815159343719385,1.8675892574453767,93.37946287226883
B0006,20,3.5594930283730934,2.203355846859377,3.972956652980277,1.7696008061208999,-2.0101522424920866,-2.0202081897757225,31.58543449328994,37.54320599748628,3556.109000000001,0.0004976227686274238,1.9796265482508184,98.98132741254092
B0006,21,3.564384544707665,2.35887751155593,3.974299924969016,1.6154224134130857,-2.010201853868591,-2.014116181004981,31.948559314523372,37.90362577530197,3516.594,0.0004593713159418135,1.9575499080884025,97.87749540442012
B0006,22,3.5601524084101968,2.218672914041916,3.975025524439376,1.7563526103974598,-2.0099331306361305,-2.014039356997488,31.613662643380152,37.67016051398871,3495.906,0.0005024026991565162,1.9458150170787551,97.29075085393775
B0006,23,3.5602472881444274,2.339723057947995,3.973345302876132,1.6336222449281368,-2.0100382139295676,-2.014851230713757,31.29649840265688,37.34166959188387,3457.204,0.00047252700301403584,1.9242461121680088,96.21230560840044
B0006,24,3.564394509202635,2.399750820894273,3.986346685186673,1.5865958642923998,-2.0099194732522307,-2.013606338093071,31.195182041104555,37.28979017254232,3476.0,0.00045644299893337167,1.945981133142164,97.2990566571082
B0006,25,3.5599240126356335,2.491410879472442,3.9719914004717953,1.4805805209993532,-2.0098831727472803,-2.014324216253238,31.110354232904363,37.16794481484507,3396.218000000005,0.00043594978914761985,1.90140793055308,95.070396527654
B0006,26,3.550223408945135,2.1387303309558976,3.967602434628192,1.8288721036722944,-2.0100429656695993,-2.0138293357975146,31.04371574827636,37.37370958644009,3375.25,0.0005418478938366919,1.878674213680085,93.93371068400424
B0006,27,3.553207741917773,2.3460644983020456,3.9697279032428097,1.623663404940764,-2.010109005722669,-2.0221391659285666,30.965231852400873,37.17799439404089,3356.625,0.00048371903472707383,1.8683061328264217,93.41530664132108
B0006,28,3.550958418583723,2.3273377433164284,3.968631799427311,1.6412940561108824,-2.0099443333160574,-2.0195217158908467,30.939450763470184,37.20634436607636,3334.672,0.0004921905531071369,1.8560244070083,92.80122035041501
B0006,29,3.55140646557756,2.486311723336632,3.965210480932584,1.4788987575959518,-2.0104579006523524,-2.0145859231710013,30.95705838538227,37.17976632018608,3294.64,0.00044888022897674764,1.8451997961855773,92.25998980927886
B0006,30,3.551279502603309,2.2921663510920887,3.980105954182609,1.6879396030905203,-2.0100430611393425,-2.01454229289152,31.011843860608845,37.403950478260654,3336.922,0.0005058372964937509,1.857228890885317,92.86144454426585
B0006,31,3.552420944734533,2.434300686181212,3.992573455687852,1.5582727695066398,-2.010577354892788,-2.015096988943597,31.14085330127616,37.25007396118109,3451.094,0.00045153008567910347,1.924776088909064,96.2388044454532
B0006,32,3.5539188357929716,2.4726199080007585,3.992591766118857,1.5199718581180983,-2.0104351849612514,-2.0246589334484746,31.31351776234989,37.39699052067589,3374.969,0.00045036616873165306,1.8822317526092551,94.11158763046275
B0006,33,3.548825699777657,2.403422072720937,3.9906053872586695,1.5871833145377323,-2.0103151302164304,-2.014540253971324,31.104139287466325,37.285206642025706,3336.328000000001,0.00047572760068486427,1.8552766878855869,92.76383439427934
B0006,34,3.54478181083634,2.4006679782182205,3.9898071714956855,1.589139193277465,-2.0100797707486247,-2.01409107585058,30.768905529043174,36.95365902147984,3308.047,0.0004803859175149159,1.839250891718188,91.9625445859094
B0006,35,3.539172293086675,2.3194299432177345,3.9857381359672472,1.6663081927495127,-2.010046471625411,-2.0132183154407977,30.669530511993912,36.93940820337679,3270.859000000001,0.0005094405453581191,1.8185396073994429,90.92698036997214
B0006,36,3.540652676655076,2.3401731734980085,3.98874333028772,1.6485701567897117,-2.010428273002339,-2.014277570695985,31.194125996027303,37.59874124546701,3261.312,0.0005054929294681747,1.8134770059567056,90.67385029783527
B0006,37,3.5372207998469216,2.382960351080877,3.987018547220389,1.604058196139512,-2.010055988786017,-2.014866249205715,30.923306206458594,37.316578000948994,3232.594,0.0004962139372094089,1.7971018450305436,89.85509225152718
B0006,38,3.532569211595042,2.351855540704836,3.9838031856950473,1.6319476449902113,-2.010011573059355,-2.0140366811724766,30.810283927525376,37.38715009201479,3203.859,0.0005093693714330785,1.7810046294120476,89.05023147060238
B0006,39,3.529281990016313,2.3535104841115886,3.98384501371205,1.6303345296004612,-2.009988715312762,-2.013562007420154,30.64984479639181,37.22606598231413,3186.000000000001,0.0005117183080980731,1.7710130422682329,88.55065211341164
B0006,40,3.5285670144988353,2.3948058223938364,3.983796753351085,1.5889909309572485,-2.0103659935482248,-2.0146073733834746,30.88698832890135,37.58677381866743,3166.157,0.0005018673840107261,1.7604712448170945,88.02356224085473
B0006,41,3.5299668999501383,2.4418858444380294,3.9841592269799904,1.542273382541961,-2.010547199061378,-2.0156412315711094,31.473522091279126,38.11673088112879,3147.672,0.0004899727107976819,1.7502913788006589,87.51456894003294
B0006,42,3.526651927088547,2.391848815367812,3.9828328411334986,1.5909840257656866,-2.0104948286665496,-2.014135597110891,31.639147938362598,38.340431886092745,3128.329,0.0005085731154765648,1.7394925037732578,86.97462518866288
B0006,43,3.5216927490023755,2.3166154227865463,3.9589113893923984,1.642295966605852,-2.010307648822031,-2.013918427729744,31.37564243631947,38.29230099733406,3152.4680000000008,0.0005209556343175733,1.7546766553637203,87.73383276818602
B0006,44,3.5279832014227877,2.4110989960643794,3.988917009848188,1.5778180137838085,-2.0100581710707286,-2.0164764928559697,31.25224685241088,37.99034476962567,3176.750000000001,0.0004966767966581594,1.7659390941842177,88.29695470921088
B0006,45,3.520390242406786,2.4510125175432287,3.980725662570405,1.5297131450271761,-2.0097702357222604,-2.014424639912736,30.923344837387265,37.89882240244169,3119.328,0.0004903982989371994,1.7337887419624838,86.68943709812419
B0006,46,3.5164433730741482,2.47121618608246,3.977710339100143,1.506494153017683,-2.01009390679116,-2.013684034338365,30.891954681463535,37.82277216637584,3082.125,0.000488784248860018,1.713325912040734,85.6662956020367
B0006,47,3.5131398197920896,2.470968641396993,3.9781533756564618,1.5071847342594689,-2.010145899349492,-2.015243276008703,30.923177333312225,38.065368726791895,3062.562,0.0004921319908819704,1.7024077813673466,85.12038906836733
B0006,48,3.540875621401287,2.4288023941361625,3.978622764478904,1.5498203703427413,-2.010156601233121,-2.014822027548639,33.601038069853914,39.788440481350335,3279.984000000001,0.0004725085153899351,1.8237194617818304,91.18597308909152
B0006,49,3.5394675367037376,2.3551430866643166,3.990811947771633,1.6356688611073165,-2.0104531724663706,-2.014147642384201,32.79294969881213,39.05344151440918,3251.797,0.0005030046036414071,1.8081284050314708,90.40642025157354
B0006,50,3.5314063568329375,2.365933525789291,3.987023576688703,1.6210900508994124,-2.0096454242945097,-2.013545732341586,32.09497612902721,38.59715004637951,3194.969,0.0005073883505284127,1.7757610945034283,88.78805472517142
B0006,51,3.523605045659098,2.3481961394586457,3.9803014080292174,1.6321052685705717,-2.0099853422583407,-2.0143501433980724,31.782637944465325,38.517006516480606,3138.515,0.0005200246831927112,1.7447409841836798,87.237049209184
B0006,52,3.521335980367696,2.46945948630322,3.98193385838118,1.51247437207796,-2.0100038632369364,-2.013955993405398,31.532837609782487,38.25803594640088,3110.719,0.0004862137570375081,1.729207034132373,86.46035170661865
B0006,53,3.5172008540425703,2.4666715880697576,3.978056589367583,1.5113850012978256,-2.0100930766841842,-2.0143598768040447,31.614017725330253,38.45028379947994,3072.812,0.0004918572959549187,1.7081086552553244,85.40543276276622
B0006,54,3.5149374253961922,2.448293126278513,3.978819928250352,1.5305268019718388,-2.0103347256286415,-2.0146981664689427,31.95386475124824,38.84395391055543,3053.64,0.0005012138961933427,1.6975954237461768,84.87977118730883
B0006,55,3.5104254617916353,2.4745215382882586,3.976879026294988,1.5023574880067292,-2.0101759785163194,-2.0150505202774576,31.75623371944612,38.720068389869496,3026.016,0.0004964803517254136,1.6820634524029463,84.10317262014732
B0006,56,3.5061554002397757,2.469127855241356,3.9765658992034254,1.5074380439620696,-2.010133410445285,-2.016431910751689,31.69216579913071,38.74827601131975,3007.125,0.0005012887871179513,1.6714768322295086,83.57384161147543
B0006,57,3.500529203673838,2.4177173347922416,3.974715241559932,1.5569979067676902,-2.01015967104199,-2.013961242413253,31.62428773914788,38.81442137442769,2987.953,0.0005210918333613983,1.6607591387047655,83.03795693523827
B0006,58,3.4970274154739944,2.3775131079338427,3.972827020995034,1.595313913061191,-2.0106527706251756,-2.01427897654196,31.84282435438342,39.124426055678896,2969.938,0.0005371539449851112,1.6511210150380693,82.55605075190347
B0006,59,3.497251961564714,2.443723814618984,3.973644946139869,1.5299211315208847,-2.010372623355288,-2.0170700253976435,32.167604220818994,39.40975004818685,2950.703,0.0005184937730164251,1.640134925619093,82.00674628095464
B0006,60,3.4926673107059396,2.4324278256917147,3.971543002822824,1.5391151771311091,-2.0102336375175884,-2.0153270924031044,32.06865377635039,39.25512186308611,2931.25,0.0005250712757803357,1.629199941616544,81.4599970808272
B0006,61,3.4891485283369343,2.494085641889116,3.9669449735570814,1.4728593316679652,-2.0102779908466437,-2.0264444143525524,31.982475411409176,39.288652657322494,2894.859,0.0005087844802347766,1.6088496302961666,80.44248151480832
B0006,62,3.481623854995107,2.382347172890769,3.966018292221285,1.583671119330516,-2.0102265884974515,-2.014269976996697,31.83028826489601,39.372842161748814,2885.281,0.0005488793359574045,1.6035244898969248,80.17622449484624
B0006,63,3.481449662967079,2.40666829798778,3.9668235683287727,1.5601552703409927,-2.010942982140522,-2.0248983473305704,32.12779526077226,39.67635132515977,2876.141,0.0005424474218548369,1.5989712144027983,79.94856072013991
B0006,64,3.476628822097605,2.4204142690378765,3.964730941882832,1.5443166728449556,-2.00985247417201,-2.0134062122749032,31.799888177608164,38.93177716759214,2857.282,0.0005404845138999075,1.5876273123575604,79.38136561787802
B0006,65,3.479395314599721,2.45078452455252,3.971528720010777,1.5207441954582568,-2.0102434144057857,-2.0148989416231133,32.00225049427798,39.13862867708836,2848.483999999994,0.0005338784404119033,1.5829719744686166,79.14859872343084
B0006,66,3.4703238760421344,2.393032881923072,3.960835481272217,1.567802599349145,-2.0101583451569445,-2.014097659688176,31.901784163327836,39.15706707232394,2820.156,0.000555927615120988,1.5671376367135632,78.35688183567817
B0006,67,3.4669435030539173,2.3938995980718403,3.961289821386495,1.5673902233146548,-2.010144930212995,-2.01648199199959,31.803112606600706,39.11556064707116,2809.875,0.0005578149288899524,1.5613446139713882,78.06723069856942
B0006,68,3.46485279164774,2.4373294683003053,3.9591692934076974,1.5218398251073921,-2.010243470224071,-2.014359351341952,31.838103678309206,39.14308307998525,2791.547,0.0005451600224203254,1.551171189279042,77.55855946395211
B0006,69,3.4608450215436997,2.3705330061374523,3.9583521274219935,1.5878191212845412,-2.010414080292543,-2.016181081460114,31.940932801035625,39.32481375803602,2781.969,0.000570753707638202,1.5406741606295171,77.03370803147585
B0006,70,3.4561777205641384,2.3512948512607617,3.9525654402740105,1.6012705890132488,-2.0104044466185886,-2.0224281819207026,31.971384887118646,39.404095106828855,2754.437999999997,0.0005813420338425663,1.5253138744624433,76.26569372312217
B0006,71,3.4568756216617897,2.436845595522602,3.956891004024519,1.5200454085019173,-2.0103032608232483,-2.015670909853089,31.977659424691005,39.36098826834716,2753.813,0.0005519784417104274,1.5301570318067428,76.50785159033714
B0006,72,3.4530114086522086,2.39030487147494,3.9559799579451314,1.5656750864701912,-2.010376418792882,-2.0154336980599203,31.9899548422334,39.46368399504757,2743.922,0.0005705975193428206,1.5246566834474091,76.23283417237046
B0006,73,3.4527116212401148,2.4892160721496315,3.9541566853028094,1.464940613153178,-2.0103634669441814,-2.014176241235146,32.00781741809387,39.40688897787013,2725.781,0.0005374388526272573,1.5145492986655429,75.72746493327715
B0006,74,3.4490532396435087,2.450611393803655,3.9532418101788127,1.5026304163751578,-2.010258670641377,-2.0151247064734266,32.027842948585295,39.48981342708976,2716.671,0.0005531146084215416,1.5093915046020818,75.46957523010408
B0006,75,3.445096087598192,2.4111946043456745,3.952172301261247,1.5409776969155726,-2.0103361100244115,-2.0150071612077523,32.001864110747164,39.53908941159524,2706.875,0.0005692829173550949,1.5039974333050703,75.19987166525351
B0006,76,3.4432897062788985,2.4609139768640715,3.95046399071074,1.4895500138466686,-2.0102278254091104,-2.0158858292130217,31.961239961920153,39.47674280023015,2688.313,0.0005540835512258686,1.4935201918040188,74.67600959020095
B0006,77,3.4368208212601563,2.378420264362521,3.949083537994502,1.5706632736319812,-2.0099371711669947,-2.0170367841185635,32.06652273108815,39.83577350818906,2687.562,0.0005844193635837913,1.4876323024497422,74.3816151224871
B0006,78,3.4526879356792577,2.3844697219937414,3.962610822304803,1.5781411003110617,-2.0102016276382755,-2.015207980747731,32.65735970528237,40.41893857831922,2763.594,0.0005710466516829396,1.5302876214401704,76.51438107200852
B0006,79,3.442324368110613,2.448639661640692,3.950853856570953,1.5022141949302608,-2.0100009844526796,-2.013340550431054,32.149732921594214,40.02451449021777,2707.625,0.0005548088065852032,1.5040760088360112,75.20380044180057
B0006,80,3.433972223180654,2.3628697572170783,3.948113129095922,1.585243371878844,-2.010122623771648,-2.0143052426244057,31.945509879822428,39.981672504646006,2689.297,0.0005894638531478093,1.4887593608730894,74.43796804365446
B0006,81,3.4342462004929435,2.479712742728869,3.94511890453728,1.4654061618084109,-2.0103054975157244,-2.01522796444188,32.056014703964856,40.04269485531106,2660.906,0.0005507169970710769,1.4782779285546637,73.91389642773318
B0006,82,3.4351097404774253,2.460990256984241,3.94743102700367,1.486440770019429,-2.0110073559151314,-2.0164424024266667,32.54859928986182,40.54426493664023,2660.250000000001,0.0005587598045369527,1.478459982215684,73.9229991107842
B0006,83,3.4356226039011704,2.4794507375590507,3.9483506728977726,1.468899935338722,-2.0104436347826597,-2.0141732645976056,32.81532757137751,40.682207796265736,2651.656,0.0005539556923442264,1.4732148448999731,73.66074224499866
B0006,84,3.4304262814510613,2.4215139899217166,3.946329537459453,1.5248155475377363,-2.0105146151638,-2.014533312293864,32.73922761955548,40.66534809610314,2641.375,0.0005772809796177129,1.4675164935067897,73.37582467533949
B0006,85,3.4246050213290173,2.392798962354417,3.94260162626904,1.549802663914623,-2.010326178916901,-2.0150807231044525,32.51917433163355,40.49312057833763,2622.578,0.0005909462612416573,1.4516292657521337,72.58146328760668
B0006,86,3.4208541814060727,2.410475236770924,3.942077906535892,1.5316026697649678,-2.0102263321819067,-2.0151017082510445,32.29907326512507,40.3268416534286,2613.797,0.0005859684856034986,1.4519237720967175,72.59618860483587
B0006,87,3.4236905782800613,2.4915333699239977,3.942395449743597,1.4508620798195992,-2.010664656469824,-2.015773418279684,32.572232310160715,40.62933622858269,2604.687,0.0005570197416501865,1.4471484694777743,72.35742347388872
B0006,88,3.423547300818036,2.444861994529003,3.94355005706877,1.4986880625397667,-2.0105822832420115,-2.016566183590645,32.89960990738229,40.95841357216972,2604.344000000001,0.0005754570296933763,1.4468538105659885,72.34269052829943
B0006,89,3.4234184418436837,2.484075539808225,3.943468176305597,1.459392636497372,-2.0104692346018993,-2.0181440576354017,32.94564250413099,40.97534748042028,2595.125,0.0005623592838485129,1.4416741930284678,72.08370965142339
B0006,90,3.455583346690731,2.479017302613424,3.988067193775034,1.50904989116161,-2.0105641588815564,-2.0143333289759338,32.74221885211969,40.70912558043951,2867.015,0.0005263487952318387,1.5935866593100128,79.67933296550063
B0006,91,3.4563900521620825,2.4820670710190385,3.9638477690854814,1.481780698066443,-2.0107075064670927,-2.016338466932382,32.9167981311827,40.46476460144525,2782.297,0.0005325745950437509,1.5463902376915637,77.31951188457819
B0006,92,3.4468423267244273,2.452449045714353,3.9544928017485024,1.5020437560341495,-2.0103551966251976,-2.01459511362196,32.92254659443679,40.54878063528889,2726.093,0.0005509877161322632,1.51470559175661,75.73527958783049
B0006,93,3.4398497755682778,2.4198491932573414,3.9529624412559183,1.533113247998577,-2.010235093333237,-2.0144018884289827,32.747399306429884,40.45973472309453,2698.031000000001,0.0005682341114681694,1.4989786083335404,74.94893041667702
B0006,94,3.435711148747645,2.4706823501191706,3.950752090948161,1.4800697408289905,-2.010329257791514,-2.015270624937178,32.59000122244486,40.3235584895084,2669.515,0.0005544339480501104,1.4831110745410492,74.15555372705246
B0006,95,3.4298946157615324,2.413759774558071,3.948687087172497,1.534927312614426,-2.0104743175661985,-2.015800833534411,32.53461309331895,40.35144680527183,2651.266,0.0005789412728162417,1.4729664825468278,73.6483241273414
B0006,96,3.4284832032319623,2.4562499847243027,3.947511563177376,1.4912615784530732,-2.0104899620400385,-2.015384828991305,32.607363428241946,40.43397955148421,2632.843,0.0005664073317144521,1.4627604396099307,73.13802198049653
B0006,97,3.424508619172825,2.401794655879554,3.9466277606028615,1.5448331047233075,-2.0104276057119606,-2.017707476586292,32.668714705161655,40.523294131286654,2622.766,0.0005890091242311771,1.4518364681062514,72.59182340531257
B0006,98,3.42194395973225,2.408768723613332,3.944163489485408,1.5353947658720757,-2.0103541542296965,-2.0198780169470747,32.69728579379505,40.558888975262775,2604.641,0.0005894842190812767,1.4468670644030392,72.34335322015197
B0006,99,3.4204301217627604,2.4308118485818704,3.9437404526961033,1.512928604114233,-2.0103729136408073,-2.0197856871193367,32.71266069794056,40.58420005702012,2594.719,0.0005830799420338899,1.441380399427779,72.06901997138895
B0006,100,3.417663409561441,2.398886415333129,3.942951656148424,1.544065240815295,-2.0103249117430146,-2.015287001210607,32.775812109607905,40.70770705131733,2585.953,0.000597097178802281,1.4312107449607745,71.56053724803873
B0006,101,3.4151945927007015,2.3814379490849835,3.9418669450054864,1.5604289959205029,-2.0102533307380916,-2.013949066691416,32.79316059003288,40.75817731636374,2576.75,0.000605580283659844,1.4260247179525716,71.30123589762857
B0006,102,3.4149099622289794,2.459885297095542,3.939882951500776,1.479997654405234,-2.010370905709825,-2.015065571425412,32.77854626697587,40.68422268337908,2557.297,0.0005787351466823111,1.420487649966195,71.02438249830975
B0006,103,3.4127300966108463,2.4007285025453995,3.9303899698137608,1.5296614672683613,-2.010611340124603,-2.0151971595728613,33.082510693483165,41.34562077421373,2566.813,0.000595938024027602,1.4207006230355006,71.03503115177503
B0006,104,3.430238069750492,2.472830716079143,3.951441327873604,1.4786106117944606,-2.010723145080381,-2.0180838913239434,33.503584464952475,41.358632318507695,2613.75,0.0005657046817004154,1.4522558043308391,72.61279021654195
B0006,105,3.421831127326858,2.467318928642863,3.94287679025714,1.475557861614277,-2.010587130460848,-2.015157068463395,33.388074985742605,41.32880059196829,2576.859000000006,0.0005726187818636075,1.4315576327725712,71.57788163862855
B0006,106,3.4138654302178395,2.3692462667541,3.939094874888194,1.569848608134094,-2.0104011677725353,-2.013917344838714,33.27310493279027,41.32442934210184,2556.891,0.0006139677476021051,1.4150157511589432,70.75078755794716
B0006,107,3.411995106125363,2.4482618595124874,3.9380061190795983,1.4897442595671109,-2.0100751264411314,-2.026182069042455,33.080797385765756,41.09412878483389,2538.484,0.0005868637578834891,1.4097311506517451,70.48655753258726
B0006,108,3.410146215742202,2.4598632768748825,3.938378087916081,1.4785148110411983,-2.0109260266137663,-2.01548065880372,33.10027401326091,41.16864078088257,2528.75,0.0005846820804908347,1.404917318129309,70.24586590646545
B0006,109,3.411217366620754,2.497869764845928,3.936145976454637,1.4382762116087089,-2.010798886068305,-2.014398878088724,33.37078675042843,41.3815243514052,2511.469,0.0005726832429979063,1.395164296571563,69.75821482857815
B0006,110,3.410133867855759,2.472236707252471,3.938275572773112,1.466038865520641,-2.010377398849391,-2.015379938834276,33.529734755273964,41.5470938130409,2510.827999999994,0.0005838866164948951,1.3945343832614077,69.72671916307038
B0006,111,3.404369801162746,2.427874990476308,3.936542039200933,1.5086670487246248,-2.0102674621244367,-2.0249386007912253,33.32427314448135,41.391692643201104,2501.593,0.0006030825352983578,1.3893171179312644,69.46585589656323
B0006,112,3.401742592020286,2.4275905200235046,3.9352096155622704,1.5076190955387658,-2.010495781151977,-2.02701815643266,33.17808966731952,41.32260490019405,2491.562,0.0006050899377734794,1.3838379472327809,69.19189736163904
B0006,113,3.399864523006254,2.37337869163978,3.932566943797356,1.559188252157576,-2.010945587639734,-2.014779909755338,33.424161471752164,41.60591385050248,2482.172,0.000628154798361103,1.3736814238195123,68.68407119097562
B0006,114,3.4028945608132033,2.4248604132549767,3.935688039829501,1.5108276265745242,-2.010515513945555,-2.0151111715849144,33.68347014953886,41.77071599549783,2482.156,0.0006086755331149712,1.3786059891863676,68.93029945931838
B0006,115,3.400572338343459,2.426962848243194,3.9352042192838432,1.5082413710406493,-2.01043884298484,-2.0151664181090267,33.55170338661609,41.6416514281012,2473.532,0.0006097521160189758,1.3737600299108574,68.68800149554288
B0006,116,3.3969370318718544,2.4172877503520382,3.9333071872891736,1.5160194369371354,-2.010391561180818,-2.016248522283907,33.371284273340294,41.51078060765933,2463.782,0.0006153220686477681,1.3682580583942712,68.41290291971356
B0006,117,3.393911268328615,2.4185087281747166,3.9317234871266233,1.5132147589519067,-2.0107208959500027,-2.0150184014520858,33.211260454370006,41.41626206655671,2454.516,0.0006165022998228191,1.3633024037317505,68.16512018658753
B0006,118,3.396888375019499,2.480937393224248,3.9315581507828017,1.4506207575585535,-2.010822181205396,-2.014808414619914,33.44080654520432,41.58325152286086,2444.969,0.0005933084458570041,1.35809661401726,67.90483070086299
B0006,119,3.3963956601727885,2.4078214169511205,3.931554327591036,1.5237329106399153,-2.0110555922538382,-2.014994164220888,33.80836637430541,41.97435947732746,2445.516,0.000623072149452269,1.353269090999531,67.66345454997655
B0006,120,3.4035088740484443,2.433234589649132,3.9193709195147055,1.4861363298655736,-2.0107228543281184,-2.014889154962298,33.604235983540605,41.61679232360952,2491.875,0.0005963928085740952,1.3841605738237488,69.20802869118744
B0006,121,3.414198569877775,2.440822893388958,3.946434177664192,1.5056112842752336,-2.0107957735290105,-2.021897889619746,33.79727068958421,41.75772720039137,2529.328,0.000595261383369509,1.4051467790651473,70.25733895325736
B0006,122,3.4025733549025685,2.396078253891397,3.9362828928554254,1.5402046389640285,-2.010371730487001,-2.013990107965066,33.5214841673381,41.595272750804526,2491.953,0.0006180713034973085,1.3787190226273531,68.93595113136766
B0006,123,3.3981923431482604,2.4493069482688243,3.933587922868886,1.4842809746000616,-2.0102677819027774,-2.0141794769710484,33.22230950050253,41.32156112867101,2464.047,0.000602375269059422,1.3682657783199066,68.41328891599532
B0006,124,3.3928814809067567,2.384185417166801,3.9328334659312194,1.5486480487644183,-2.0103212916713784,-2.0142457677209467,33.16564025124362,41.36550130829373,2453.719,0.0006311431947849034,1.3573151296618016,67.86575648309008
B0006,125,3.392516662116112,2.4440756213040964,3.931642606722209,1.4875669854181126,-2.0100603487404585,-2.013969299900083,33.14471251217217,41.29420683262217,2435.953,0.0006106714642762453,1.3524934638801596,67.62467319400798
B0006,126,3.390131221887465,2.429601429477468,3.9308643251284288,1.5012628956509606,-2.0103737546961025,-2.014779898380345,33.13394682909092,41.33650789930416,2426.468,0.0006187029442180819,1.3474099151661236,67.37049575830618
B0006,127,3.387642102382879,2.41022288115442,3.929978561065996,1.519755679911576,-2.0102237803774234,-2.014211676143238,33.11391419571202,41.33288091955599,2417.343,0.0006286884732169063,1.3370075130842318,66.85037565421159
B0006,128,3.385076499212308,2.4098927032454966,3.929271723573396,1.5193790203278992,-2.010167151128699,-2.0146307921789908,33.01256643811718,41.2551034223273,2407.172,0.000631188390496358,1.3312352966718526,66.56176483359263
B0006,129,3.384067988671612,2.4539384114053053,3.92607947331573,1.4721410619104245,-2.0102148430611675,-2.013369705800471,32.94245350402757,41.15909826568658,2388.234,0.0006164140791523881,1.3259303781727645,66.29651890863822
B0006,130,3.381365849951177,2.3940396792395253,3.9273769337714737,1.5333372545319484,-2.010499062743633,-2.0139825284473383,32.98732222381746,41.27580317696653,2389.328,0.0006417441450198334,1.321578743867529,66.07893719337645
B0006,131,3.3823776792082674,2.45134737470238,3.927340809148113,1.475993434445733,-2.010283322635744,-2.01389215215322,33.01716033589807,41.257860063743394,2379.609,0.0006202672096322266,1.3212250740661091,66.06125370330545
B0006,132,3.3815047293331997,2.475014603796582,3.9268126047838847,1.4517980009873028,-2.010168518565586,-2.013710255019385,32.95408098860666,41.198679024946905,2369.781,0.000612629606274716,1.3156485301862682,65.78242650931341
B0006,133,3.3844966797835596,2.4569179775419294,3.915702388433364,1.4587844108914347,-2.010128509093751,-2.0145340492151043,33.31617954469897,41.33015317746205,2379.344,0.0006131036163293053,1.3209025697502388,66.04512848751195
B0006,134,3.3963914878401225,2.438240626221148,3.940484451879165,1.502243825658017,-2.0102428169791193,-2.01382438347875,33.18978129157587,40.84695013517236,2426.719,0.000619043171318153,1.3474328767273906,67.37164383636953
B0006,135,3.3912388920484204,2.4946397780995584,3.9352236760104256,1.4405838979108672,-2.010260477519826,-2.0133154561700204,32.966863562170595,40.62954678107001,2388.297,0.0006031845695534798,1.3260128072353616,66.30064036176807
B0006,136,3.3828146212956396,2.4367455144223555,3.9283960717320894,1.4916505573097338,-2.009995837781948,-2.0139168871011672,32.81773659775775,40.558399669887045,2369.594,0.0006294962585614809,1.3101186784831065,65.50593392415533
B0006,137,3.380565818291241,2.485868996808533,3.926576096030892,1.440707099222359,-2.010263559103501,-2.0142276812428177,32.54543805020231,40.293586399058654,2351.047,0.0006127938315237249,1.30521620229393,65.2608101146965
B0006,138,3.3790168422209743,2.395755020190792,3.926592708838362,1.53083768864757,-2.0104611975763262,-2.014080368444908,32.898657293302676,40.73448171329992,2351.531,0.0006509961759583736,1.3004061951355774,65.02030975677887
B0006,139,3.3816996632194027,2.4504684570147006,3.9279014848637086,1.477433027849008,-2.010219176757402,-2.0148315796932708,33.099802065729854,40.82625781413672,2342.219,0.0006307834697989419,1.300235735841116,65.0117867920558
B0006,140,3.376104542989739,2.3942028718004007,3.9257432844309776,1.531540412630577,-2.0101448270862967,-2.014857985605384,32.89341113565238,40.72900571675222,2332.515,0.0006566047432194764,1.2895066722480757,64.47533361240379
B0006,141,3.372849298871944,2.4303844034459368,3.922868929036552,1.4924845255906152,-2.009982689836883,-2.013906118562721,32.5920099468593,40.37942251954751,2314.172,0.0006449324102057302,1.279253057384795,63.96265286923975
B0006,142,3.3721429066749584,2.4755630989048205,3.923409530322036,1.4478464314172155,-2.0104015847249044,-2.01480412850878,32.44621688997896,40.24826336353416,2304.344,0.0006283117587552968,1.2792078171714618,63.96039085857309
B0006,143,3.3732750038091632,2.4467121518739035,3.924362996408246,1.4776508445343426,-2.010564198768045,-2.014522533445452,32.74742947866683,40.59574661063397,2304.219,0.0006412805573317217,1.2740367609029228,63.70183804514614
B0006,144,3.3731755600600035,2.4607112018206894,3.924497526314535,1.4637863244938458,-2.010297129628498,-2.0149438038428857,32.803053007306076,40.60991060697629,2295.359,0.0006377156359828009,1.2741273923001468,63.70636961500734
B0006,145,3.3688237910084458,2.46197885229738,3.920435307574933,1.458456455277553,-2.0102477952731084,-2.0150039133931816,32.53532081139308,40.3422828520572,2276.703,0.0006406002255355894,1.263763942644078,63.1881971322039
B0006,146,3.3669696308751926,2.4999079970509284,3.9208713929503096,1.4209633958993813,-2.0101536994917955,-2.0151294265881594,32.29940875407918,40.13137569210646,2266.844,0.0006268465743118544,1.2581373688955233,62.906868444776165
B0006,147,3.3618966585373617,2.4061574188511727,3.9200646693816834,1.5139072505305107,-2.0102822750029326,-2.015749061229573,32.255646503254184,40.22053466539239,2267.313,0.0006677098620836694,1.253259864055301,62.66299320276505
B0006,148,3.365128772190615,2.40921365026611,3.9226726414700654,1.5134589912039553,-2.010432380337124,-2.014223314502266,32.595795056366235,40.57645031231876,2267.141,0.0006675627987866459,1.2532313315493426,62.661566577467134
B0006,149,3.365866080853701,2.4705399687343235,3.9199273385107287,1.4493873697764053,-2.010653993048182,-2.016335249580649,32.53643652371953,40.36006058310007,2248.266,0.0006446689892461146,1.2480874960313575,62.404374801567876
B0006,150,3.36418920756335,2.4996841687041944,3.9043614661370616,1.4046772974328672,-2.01052792821394,-2.01499403966668,32.407757861812016,40.48669970870626,2257.954,0.000622101822018016,1.2534354284944844,62.67177142472422
B0006,151,3.384253710676107,2.4839695531514434,3.936200198611284,1.4522306454598404,-2.0107160456187776,-2.0181368086516467,33.074200127362,41.30113164409644,2322.985,0.0006251571342302427,1.28980487732669,64.4902438663345
B0006,152,3.3742746930699505,2.4675402264113453,3.9251731398965135,1.4576329134851682,-2.0104350743889596,-2.014277449216773,33.0811609594786,41.349136092975066,2276.219,0.0006403746359577739,1.2635402021758837,63.177010108794185
B0006,153,3.3704518513443187,2.4946438160388325,3.923358748418812,1.4287149323799797,-2.0103821533127237,-2.0138128429431967,32.91027819689875,41.17082107159913,2248.344,0.0006354521071419586,1.2479761706842851,62.398808534214254
B0006,154,3.3650245853551795,2.4577382116375843,3.920930060486076,1.4631918488484916,-2.0105324790029733,-2.014917756386988,32.84283521775597,41.17267611588762,2229.203,0.0006563744301656205,1.2321202877943334,61.60601438971667
B0006,155,3.3606721060398264,2.40986495422137,3.920982825695774,1.5111178714744038,-2.010475489684118,-2.0149300788502966,32.80633521901975,41.235237260637895,2220.266,0.0006806021762592426,1.2271137666213534,61.35568833106767
B0006,156,3.3613228294768684,2.479418189447868,3.920713463362037,1.441295273914169,-2.010410898342071,-2.0147963353542564,32.76728659506294,41.13437879927637,2201.391,0.000654720253655152,1.2217397581377356,61.08698790688678
B0006,157,3.358039490676012,2.434585389303289,3.919528783388463,1.4849433940851742,-2.0103563909220634,-2.015518745222527,32.78177232485431,41.1758055696084,2191.719,0.0006775245339777472,1.211102678915174,60.5551339457587
B0006,158,3.3557867604535305,2.425682710641569,3.919464807883744,1.4937820972421751,-2.010186794479622,-2.0147884579094577,32.73949669528253,41.16924408213961,2182.188,0.0006845340993728199,1.2056159765131735,60.28079882565868
B0006,159,3.3540173793887127,2.4179244017493127,3.919549040680636,1.5016246389313235,-2.0104395959649914,-2.0146138657111945,32.74742141849128,41.20963177527846,2173.328,0.0006909332778721498,1.2008936262717274,60.044681313586366
B0006,160,3.354231789265114,2.4541577949851603,3.9175999574527545,1.4634421624675942,-2.010580520373215,-2.0148417510809367,32.77168592850644,41.18998426372704,2154.781,0.0006791605098001116,1.1905903985558337,59.52951992779168
B0006,161,3.354056393671559,2.463616101176541,3.917776971368677,1.454160870192136,-2.010376724258395,-2.013981544237104,32.810598031067705,41.20508533594191,2145.312,0.0006778318818857752,1.185179251041941,59.25896255209705
B0006,162,3.3531229311320327,2.4703752294753065,3.9184876602560017,1.4481124307806952,-2.010216397179335,-2.0140237080287258,32.8539414934431,41.23351532306028,2135.609,0.0006780793819377495,1.1796706818144624,58.983534090723126
B0006,163,3.3493406447285907,2.4357634426689945,3.9173235520787726,1.4815601094097781,-2.0103800399656544,-2.016504705213686,32.77970616738737,41.23744939089352,2126.297,0.0006967794759667996,1.1745952836753917,58.72976418376958
B0006,164,3.3465406330701666,2.481190011798763,3.90648054514606,1.425290533347297,-2.0106298889582113,-2.0192733708647617,32.72134622026859,41.11173095531557,2088.922,0.0006823091208514712,1.15381833159625,57.6909165798125
B0006,165,3.3494023476977177,2.491537251958465,3.916415104045981,1.424877852087516,-2.0105587862902343,-2.014625681416588,32.832214214175835,41.219095969498746,2098.485,0.0006790031151461726,1.1644009557372264,58.220047786861315
B0006,166,3.34486303412011,2.40904100737121,3.917055478783412,1.508014471412202,-2.0105263505075266,-2.016243208356173,32.88891602982871,41.420868237132346,2097.875,0.0007188295162544012,1.1587974947916069,57.93987473958035
B0006,167,3.3574498024051214,2.4757676455303512,3.9006827658626086,1.4249151203322574,-2.0107691931738745,-2.0137363165948807,33.05546435669316,41.017462746887134,2126.578,0.0006700507201392366,1.1749748834769171,58.74874417384586
B0006,168,3.364460022271724,2.4160441724133666,3.9324560190174846,1.516411846604118,-2.0113482484312977,-2.014876364498059,33.300887808507106,41.36263766174168,2145.172,0.0007068952263986841,1.1856752327929356,59.283761639646784
B0007,1,3.544458536606475,2.1459757669353907,3.985606342809332,1.839630575873941,-1.9901694640399548,-1.9968672421771283,32.37516353904519,40.428784405065336,3451.375,0.0005330138208319701,1.89105229539079,94.5526147695395
B0007,2,3.5543367110907296,2.111016698785212,3.990235449772485,1.8792187509872726,-1.9897542206300738,-1.994391196351152,32.50515674232361,40.06396596310204,3433.25,0.0005473585526796105,1.8806370276868591,94.03185138434296
B0007,3,3.5548820501208835,2.025108512818265,3.9921710036289912,1.9670624908107261,-1.9898693096137978,-1.9946816568220216,32.47150839381135,40.06529808080017,3433.0930000000008,0.000572970930531368,1.8806626717011388,94.03313358505694
B0007,4,3.553468373939211,1.922542180649595,3.9932184631448537,2.070676282495259,-1.9899196856703605,-1.9952731083659303,32.36062696692643,40.06561722287998,3433.282,0.0006031186143448918,1.8807709009833444,94.03854504916723
B0007,5,3.5530312452988513,1.871159045064988,3.993959196749453,2.122800151684465,-1.9896036965914077,-1.9935500451030048,32.270931050143034,40.02189454407991,3431.328000000001,0.0006186526475127019,1.879450872828505,93.97254364142526
B0007,6,3.561950640252207,2.175686706590344,3.994485334951207,1.818798628360863,-1.9897967774257912,-1.994104174576412,32.26562284034399,39.54634677318232,3413.25,0.0005328641700317478,1.8807003517117404,94.03501758558703
B0007,7,3.5624300929019657,2.111788715601944,3.9955645816344063,1.8837758660324622,-1.9896026743531545,-1.9931645104315667,32.332517234146465,39.63299373681813,3412.204,0.0005520701183260034,1.8799352523566075,93.99676261783037
B0007,8,3.561880413267048,2.026250619894166,3.997744118874212,1.9714934989800463,-1.9895114151353253,-1.9936540341331743,32.3248220901451,39.69675815167878,3415.234,0.000577264544385552,1.88150881240388,94.075440620194
B0007,9,3.560307255588605,1.950589433290604,3.99796987295304,2.0473804396624358,-1.9896576564370312,-1.99377953803378,32.27158301803248,39.73113999618212,3413.438,0.0005998000958747268,1.8696907870385844,93.48453935192921
B0007,10,3.5584275807873915,1.8688247067658057,3.997800988013825,2.1289762812480193,-1.9896884432622022,-1.99378312138298,32.19966555768112,39.78751273835835,3414.281,0.0006235503994100133,1.8700523801391988,93.50261900695995
B0007,11,3.556042294492292,1.7896213776724978,3.9981524542953,2.208531076622802,-1.9898545626678839,-1.9942511729128327,32.10842770198715,39.84729168320297,3413.828,0.0006469368335554112,1.8700442394188577,93.50221197094288
B0007,12,3.560142827814872,1.910336108594535,3.99893240040308,2.0885962918085452,-1.9900899823411347,-1.9938120330189373,32.34333404528164,39.94408372603611,3394.64,0.000615262970980294,1.8596518987766364,92.98259493883182
B0007,13,3.5614153944660165,1.9086884059809104,3.999548720192844,2.0908603142119335,-1.9897979764780889,-1.9942213710086447,32.29515893241667,39.79308171724752,3394.25,0.0006160006818036189,1.8590746560862208,92.95373280431104
B0007,14,3.5574277390759796,1.7868782934275431,3.998303074597173,2.2114247811696295,-1.9897111247873516,-1.9939995868905829,32.149403821844054,39.881168719114655,3394.047,0.0006515598579423412,1.8590084577709232,92.95042288854616
B0007,15,3.565141184583529,2.1361343961784502,3.999351739552784,1.8632173433743335,-1.9898041841087803,-1.994356138623711,32.02079975837786,39.298402683371634,3374.453,0.000552153887866962,1.8593622586957048,92.96811293478524
B0007,16,3.5625706490319335,2.0133501283179167,3.9991188777112834,1.9857687493933667,-1.989811561496665,-1.9935665024864544,31.92663591169837,39.36294233760186,3373.406,0.0005886539448241234,1.8587355450601035,92.93677725300518
B0007,17,3.5589678714361574,1.8575547668336485,3.9989132090678416,2.141358442234193,-1.9897292462594,-1.993742172224941,31.94179858218256,39.628948319501816,3373.812000000001,0.0006346999898732331,1.847817291322145,92.39086456610724
B0007,18,3.5655414682233273,2.165755612420893,3.998880903198804,1.833125290777911,-1.989898117976294,-1.9946244036549008,31.944058939465666,39.22534721491488,3354.766,0.00054642418898305,1.8485252916137047,92.42626458068524
B0007,19,3.562968707726477,2.0270686341513207,3.998612096877757,1.9715434627264363,-1.9898585788102998,-1.994455565707021,31.95476839693273,39.4126321606434,3354.64,0.0005877064193852206,1.8483789518500344,92.41894759250172
B0007,20,3.560604627511671,1.905311669649934,3.997867489265925,2.092555819615991,-1.9894505345591293,-1.9992261048783584,32.217979542028395,39.7376718480094,3434.203,0.000609327934200742,1.8807805437609768,94.03902718804883
B0007,21,3.5618421957832256,1.7951975189442124,3.999658651631723,2.2044611326875105,-1.9894508189189946,-1.9940266531677509,32.53125009172231,40.03374471896789,3435.25,0.000641717817535117,1.88147215974436,94.073607987218
B0007,22,3.5672304121782483,2.1058524852518143,3.9987581930620624,1.892905707810248,-1.9891929769539902,-1.993858646326954,32.13560646882873,39.199327542698825,3414.938,0.0005543016323606016,1.8810954313244783,94.05477156622392
B0007,23,3.560907798609243,1.846021007590992,3.9980850791647193,2.1520640715737276,-1.9893450017818868,-1.9927272592846583,31.809651239192288,39.226247889930185,3416.625,0.0006298800926568552,1.8710089649779995,93.55044824889998
B0007,24,3.557228814847642,1.7370300333706354,3.997376895937133,2.2603468625664975,-1.9892838013357528,-1.9934659604006035,31.69922776419026,39.34570363911702,3415.187,0.0006618515655413592,1.8701995151941373,93.50997575970686
B0007,25,3.56388396903105,2.0506492642329937,3.9977365065342494,1.9470872423012557,-1.9892103557169314,-1.993000639305042,31.602672448272063,38.869069122172725,3396.218000000005,0.0005733104418801305,1.8706715362800983,93.53357681400492
B0007,26,3.558791001642831,1.8254369744762284,3.9972873519180494,2.171850377441821,-1.9896087996851162,-1.9947910338783703,31.52852898638109,39.11839966443177,3395.437,0.0006396379545377578,1.8596124644020169,92.98062322010084
B0007,27,3.564373556935544,2.134879000684994,3.9970836053833714,1.8622046046983773,-1.9892944689281724,-1.9956093835681803,31.409450731014527,38.68010761281634,3376.781,0.000551473312808375,1.860033909718346,93.0016954859173
B0007,28,3.561024482247488,1.970455493406623,3.996609804114169,2.026154310707546,-1.9893321910002277,-1.9936520198661487,31.3719975950123,38.863045678198645,3375.094,0.0006003252978161633,1.8591653109160768,92.95826554580384
B0007,29,3.557644934487019,1.813269430976001,3.997406908177061,2.1841374772010598,-1.9895335012867552,-1.9944764248874856,31.418415513809872,39.14531169811219,3375.093,0.0006471340129593643,1.8481398178778288,92.40699089389143
B0007,30,3.5620168190470274,2.048365732409564,3.996230354646005,1.947864622236441,-1.9893308554763678,-1.9940826161567085,31.409601804776322,38.8380564174779,3357.094,0.0005802234379604625,1.849201702126164,92.4600851063082
B0007,31,3.56510119264678,2.181560983985832,4.017036297439364,1.8354753134535318,-1.9897681609651803,-1.994081294125572,31.612867626368338,38.82347238972864,3431.484,0.0005348925751813302,1.8834677437950849,94.17338718975424
B0007,32,3.565947327337478,2.1177799354077496,4.0171599438346055,1.899380008426856,-1.9897164934177485,-2.0033295527978088,31.825226789133943,39.05387577229197,3394.547000000001,0.0005595385800894362,1.8628211117905844,93.14105558952922
B0007,33,3.565228661843956,2.1637448793153697,4.016276560942713,1.8525316816273434,-1.98954053200685,-1.9938003511879967,31.558145424981696,38.69955169797861,3375.563,0.0005488067269452068,1.852085039652352,92.6042519826176
B0007,34,3.560695539894069,2.045656147205805,4.01511795808655,1.9694618108807447,-1.9894091893777455,-1.994233953094661,31.182156796422003,38.6052414906155,3366.453,0.0005850257855614633,1.8469504648208708,92.34752324104353
B0007,35,3.56174359968276,2.1356202266992863,4.015023372973828,1.8794031462745417,-1.9892049542518377,-1.9932621441916,31.112074421071775,38.42604747702835,3348.562,0.0005612567861292524,1.8368284311690184,91.84142155845092
B0007,36,3.561873643230725,2.042987153745025,4.015916599513563,1.9729294457685382,-1.989414930258766,-1.9932668899112056,31.662260551114766,39.0468968949422,3348.703,0.0005891622654408403,1.837161961967228,91.8580980983614
B0007,37,3.5586419434962715,1.978616239411895,4.015431945906602,2.0368157064947074,-1.9891594917737232,-1.9945447573637072,31.37546704508048,38.83676495861389,3339.25,0.0006099620293463225,1.8316722583718847,91.58361291859424
B0007,38,3.560883288136172,2.15845357648832,4.015084154467852,1.8566305779795318,-1.9892382275133662,-1.9937887547057835,31.176909980684254,38.49981470604549,3320.015,0.0005592235510922486,1.8211470951317783,91.05735475658892
B0007,39,3.557992223911792,2.092603698932653,4.013956969846968,1.9213532709143153,-1.9891434154437626,-1.992201283338572,31.017875726226322,38.58234014797077,3311.781,0.0005801571030555207,1.8165060915115148,90.82530457557574
B0007,40,3.559434918862879,2.152888643167804,4.014117393837887,1.8612287506700835,-1.9896253815075957,-1.9945004268443045,31.24442682711952,38.787499833494046,3301.579,0.0005637389717677764,1.811381560150456,90.56907800752279
B0007,41,3.55932644805112,2.0537418826405966,4.015544491130598,1.961802608490001,-1.9894935586428784,-1.993174676650297,31.767419121553292,39.31221126031847,3302.281,0.0005940750070905538,1.8116056333939583,90.58028166969791
B0007,42,3.5598135748970994,2.079330058633996,4.015918647953454,1.9365885893194577,-1.9894242775628437,-1.994616038219737,31.945791037584968,39.40567993360536,3292.313,0.0005882152120164327,1.8060548955557405,90.30274477778703
B0007,43,3.5568555049805766,2.075979330452076,3.9957929319465095,1.9198136014944334,-1.9893195584108687,-1.995287894351176,31.625620831044277,39.32802757827611,3291.875,0.0005831976006058654,1.8132041826994056,90.66020913497029
B0007,44,3.5568317276554877,2.0674349483094465,4.016682293633632,1.9492473453241859,-1.9893490341510356,-1.9951041266249487,31.290496168049074,38.6112528181758,3292.594,0.0005920096268547491,1.8062641938283528,90.31320969141764
B0007,45,3.5530129204318137,2.037264031192436,4.012948949182571,1.9756849179901352,-1.9893316572792417,-1.9939079880095487,30.98430866546334,38.56972695128688,3273.688,0.0006035043406672033,1.7958310249900458,89.79155124950229
B0007,46,3.554709504102506,2.1632674190148338,4.013105240956024,1.8498378219411906,-1.9893048304009815,-1.9931708315999248,30.930245341467437,38.34572083526661,3255.766,0.000568172842256228,1.7858852600390451,89.29426300195226
B0007,47,3.552415572646644,2.1066315268454834,4.0122265500618335,1.90559502321635,-1.989398497356081,-1.9937766833094568,30.966492569337824,38.48254063494672,3245.516,0.0005871470124369592,1.7803268604502749,89.01634302251374
B0007,48,3.5654808483481037,2.1809272860788376,4.01008683705392,1.8291595509750822,-1.9890830288181944,-1.9934166470671968,33.92245923742142,41.0499421893331,3309.312,0.0005527310664497885,1.8150756899575573,90.75378449787786
B0007,49,3.567486879543026,2.1773498094527195,4.0201321397374565,1.842782330284737,-1.9893296079522549,-1.994657617315832,33.08158225597741,40.361944885615415,3309.719,0.0005567790891869482,1.815702515484584,90.7851257742292
B0007,50,3.5630684649252586,2.180136101967249,4.017235290089591,1.837099188122342,-1.9892197296241843,-1.9927642557550824,32.3175007583957,39.6676965288026,3281.969,0.0005597551921186159,1.8002432178056669,90.01216089028334
B0007,51,3.5596601559980336,2.128629519907685,4.016713150579316,1.8880836306716313,-1.9893168316521521,-1.9950332824030967,31.98314532878604,39.48118140481109,3263.922,0.0005784708184422395,1.7904476205609308,89.52238102804654
B0007,52,3.557437585534747,2.155901281560187,4.014918610052879,1.8590173284926923,-1.9892240645707087,-1.9942325013888584,31.712279474239125,39.257807454193895,3245.766,0.0005727514948682968,1.780343032300132,89.0171516150066
B0007,53,3.555169293498482,2.067103728219671,4.0154232514922805,1.9483195232726094,-1.9894041924730892,-1.9927179646840103,31.802628833070255,39.53594168730464,3236.391,0.0006020037514850985,1.775328769596812,88.7664384798406
B0007,54,3.555339496606178,2.061983186454309,4.015200900827576,1.9532177143732672,-1.9896142260692402,-1.99371542403896,32.13480518701949,39.892667037265504,3226.875,0.0006052969868288258,1.7702629734732849,88.51314867366425
B0007,55,3.5544298647337023,2.1430374133814656,4.014003212784015,1.8709657994025495,-1.9894964644062199,-1.99255052774098,31.86893865712511,39.5247460038815,3208.578,0.0005831137031428095,1.7600810618542042,88.00405309271021
B0007,56,3.5491905489779567,1.9929057988209284,4.012319731422456,2.0194139326015272,-1.9894028686670442,-1.994265959280498,31.794739669881004,39.68158685879704,3199.656,0.000631134700918326,1.749647593537689,87.48237967688445
B0007,57,3.548709109815198,2.0335961968180234,4.012887233345522,1.9792910365274983,-1.9894724699637172,-1.9932021181710204,31.700599551272294,39.57521208353014,3189.907,0.0006204854989589032,1.7496500750593111,87.48250375296556
B0007,58,3.548203794227463,2.0213017345171265,4.012656419065442,1.9913546845483152,-1.9895770106040946,-1.9932663431900044,31.91119617213908,39.937499452364456,3181.328,0.0006259507616153742,1.7450287392146833,87.25143696073417
B0007,59,3.549848393268393,2.0789964919635966,4.0139069885903815,1.934910496626785,-1.989618485236411,-1.9938941800121164,32.254211053806976,40.09428614357768,3171.468,0.0006100993283321115,1.7396457455286731,86.98228727643365
B0007,60,3.5456265560627203,1.9925354808829656,4.012757913383289,2.020222432500323,-1.989437902528517,-1.9929599237339224,32.05995369156026,39.97280805327176,3161.265999999997,0.0006390548699477757,1.7285642277717963,86.42821138858982
B0007,61,3.5474128877219404,2.14041602578448,4.013197589871617,1.8727815640871373,-1.989081357913304,-2.002837999763986,31.954384807757865,39.76576683956608,3143.937000000001,0.0005956803727578309,1.7239003245884184,86.19501622942092
B0007,62,3.541947217233391,2.006753861515003,4.011548011885298,2.0047941503702953,-1.9894659186006616,-1.9949638351572792,31.765459134620023,39.82084507228542,3134.891,0.0006395100022202671,1.7139788776485192,85.69894388242597
B0007,63,3.544893503447939,2.1218681321764152,4.011900658352698,1.8900325261762831,-1.9894850567019393,-2.0016459444206927,32.06896727407777,40.06434070224277,3125.266,0.0006047589312961787,1.7139701997004613,85.69850998502307
B0007,64,3.5407181135601413,2.011964875882845,4.011246045761263,1.9992811698784183,-1.989166087011064,-1.99404442992524,32.00915064483678,39.77068017712485,3116.875,0.0006414377124133687,1.7036521173638766,85.18260586819383
B0007,65,3.543515762518997,2.0744390946376323,4.0138872323888455,1.9394481377512132,-1.9894760665063365,-1.99394242124594,32.22338128783317,40.205778207762094,3107.328000000006,0.0006241530143426151,1.7040137474382486,85.20068737191244
B0007,66,3.542606563106199,2.188793384556236,4.01106489419892,1.8222715096426843,-1.9894793794641352,-1.994068391906693,32.078367567842804,40.00361815510674,3088.422,0.0005900331980677136,1.6935716157343033,84.67858078671516
B0007,67,3.5403574653432606,2.1739523632140685,4.009896015158492,1.8359436519444232,-1.9890704623872502,-1.9931157642861432,31.96227602204352,39.983520662893966,3078.297,0.0005964153725077285,1.6876577363877656,84.38288681938828
B0007,68,3.5395041033221073,2.1783847786257136,4.010062802943271,1.8316780243175579,-1.9893575714574807,-1.993287600757209,31.974403380662984,40.0217328031504,3069.609,0.0005967137913387529,1.6830744356583152,84.15372178291575
B0007,69,3.539033972001891,2.191481814157953,4.009884761626273,1.8184029474683197,-1.9894012368682477,-1.9932567265208057,32.04327539441673,40.09830095493444,3060.187,0.000594213016220355,1.6779270142025482,83.89635071012741
B0007,70,3.5379288995213534,2.1753473356526807,4.010605142801034,1.8352578071483534,-1.9894287531779529,-1.993361006627344,32.07169147220426,40.15505079708685,3051.579000000001,0.0006014125169783751,1.6732060275966172,83.66030137983086
B0007,71,3.5363390016407013,2.1832922624558813,4.009012877820058,1.8257206153641765,-1.9894488100291374,-1.9942955362628867,32.04925274469534,40.139585395321454,3041.11,0.0006003467863261035,1.6674367208253988,83.37183604126994
B0007,72,3.5354665402041294,2.192864020990023,4.008828064615557,1.8159640436255335,-1.9893877402566655,-1.995101711321148,32.032515736345054,40.14612151751924,3031.812,0.000598969871359284,1.6622662630667526,83.11331315333763
B0007,73,3.5335237513013644,2.156097212664392,4.008550273844241,1.8524530611798493,-1.9893479386777304,-1.9939693898192543,32.04627599687481,40.21764013656614,3023.188,0.0006127482184964512,1.6574243065763063,82.87121532881531
B0007,74,3.5319123043302914,2.138540138129487,4.00778091965483,1.8692407815253431,-1.9894723240353054,-1.9959097500887344,32.038700607990506,40.26991600965302,3014.140000000001,0.0006201572526575881,1.652538684928734,82.6269342464367
B0007,75,3.531169761117708,2.1646493163558524,4.007434303809145,1.8427849874532924,-1.9895753559313998,-1.995053192036484,31.993871431488685,40.20698228752917,3004.297,0.0006133830934336028,1.6472174627573322,82.3608731378666
B0007,76,3.528747737587094,2.1187211383693167,4.007422951520757,1.8887018131514406,-1.9892553240820114,-1.993252278498655,31.95790222103475,40.246037347166,2994.985,0.0006306214599243204,1.6364136810898071,81.82068405449036
B0007,77,3.527332662336221,2.1377868706438155,4.008962920857626,1.8711760502138106,-1.9892010078203852,-1.993442401381344,31.82057522571201,40.0516731914792,2994.672,0.0006248350571327379,1.6362554312048496,81.81277156024248
B0007,78,3.5305800685844226,2.103155697792567,4.010084792366059,1.906929094573492,-1.9892501647077379,-1.9937211646180213,32.31967950566595,40.48445473133732,3003.5,0.0006349023121603103,1.641119179218384,82.0559589609192
B0007,79,3.5265410915475295,2.186737546753024,4.005942706182842,1.819205159429818,-1.9891754617359902,-1.9950801271316685,31.75240653112761,39.79237107945201,2976.687,0.0006111509740291196,1.6315700789656966,81.57850394828483
B0007,80,3.5220621284240843,2.100774791159369,4.004276649765259,1.9035018586058903,-1.989115744542624,-1.9937540476262583,31.57965688574088,39.90320158256695,2967.688,0.0006414090223116077,1.621213282987236,81.0606641493618
B0007,81,3.5230690509111353,2.1417010068719846,4.004736909579576,1.8630359027075918,-1.9892781950251608,-1.9934634318284483,31.715659698728732,40.16211452657471,2958.812,0.0006296567347663832,1.6164273214762122,80.82136607381061
B0007,82,3.5230797406572125,2.0912297625621297,4.004930428807475,1.913700666245345,-1.9894216554256052,-1.9955237523449136,32.173573363539674,40.65588952384415,2957.250000000001,0.0006471217063979524,1.6158235101619207,80.79117550809603
B0007,83,3.525427945870289,2.166300950520593,4.005619087357082,1.8393181368364888,-1.9894684577956345,-1.9937747556066168,32.40366652636598,40.67013706843653,2949.297,0.0006236462915862623,1.61672418029789,80.83620901489451
B0007,84,3.52414916533914,2.1843637809529235,4.00542674093078,1.8210629599778563,-1.9893701302373268,-1.993529946094214,32.305810223349056,40.5775261014646,2938.89,0.0006196431169515894,1.6108655863730026,80.54327931865014
B0007,85,3.5198525375650416,2.113995772639173,4.004960740722399,1.8909649680832255,-1.9894382062968479,-1.993795039414877,32.04082548017147,40.439196974377495,2929.953,0.0006453908878685854,1.6006603374309376,80.03301687154688
B0007,86,3.5145898786705456,2.0287779476202195,4.0028217368499766,1.974043789229757,-1.9895808633188479,-1.994813747444024,31.80850569672477,40.38020509889158,2921.157,0.0006757746294463998,1.5959174487005665,79.79587243502833
B0007,87,3.519606282630926,2.1948906641943635,4.003130251752105,1.8082395875577415,-1.9897055884126453,-1.994905249607193,32.09831790403334,40.55692556015809,2912.0,0.0006209613968261475,1.5962179519462243,79.81089759731121
B0007,88,3.5202583933518397,2.1621122251410005,4.004215184518922,1.8421029593779217,-1.9892615544272794,-1.9940601969636649,32.4208119669269,40.869434481811616,2911.844000000001,0.0006326241925659208,1.5958065114633972,79.79032557316987
B0007,89,3.5159825722408184,2.0092802451741245,4.0040213170080925,1.994741071833968,-1.9893016767171416,-1.9937194932286224,32.49163655404864,41.152199588011,2912.203,0.0006849594866271232,1.5906507821480704,79.53253910740352
B0007,90,3.5345564345753293,2.144268362237989,4.035024864742522,1.8907565025045332,-1.9897692794481683,-1.9937139334305616,32.3823695448204,40.775313862227634,3089.078,0.0006120779412188792,1.6888211161855506,84.44105580927753
B0007,91,3.5283879833310827,2.09628137739202,4.009728007410142,1.9134466300181217,-1.9897985550739652,-1.9940123642001173,32.74527052531821,41.11269032036178,2975.265,0.0006431180516754379,1.6259938279733204,81.29969139866601
B0007,92,3.5243479541569673,2.037656085248936,4.0071932089571565,1.9695371237082204,-1.9895698790103498,-1.9933319825535087,32.747206787466574,41.18751339096014,2956.937,0.0006660734143839454,1.6157433862812898,80.78716931406449
B0007,93,3.5217503777906547,2.0502658459719263,4.005782867480967,1.9555170215090407,-1.9895024570628175,-1.9934516762680057,32.54368787352246,41.0174224655189,2938.844,0.0006654034788879711,1.6056626764846538,80.28313382423269
B0007,94,3.5210650269500468,2.1421639870693685,4.0044258058329865,1.862261818763618,-1.9896358511578256,-1.994203337533412,32.353029668974344,40.75166671520565,2919.297,0.0006379144769318154,1.5949746921524348,79.74873460762174
B0007,95,3.5184708075773687,2.093098662464846,4.004108009159103,1.9110093466942573,-1.9896071387590968,-1.9942540792901025,32.27403082687383,40.776560539991095,2911.062,0.0006564646670851591,1.5904102438871943,79.52051219435971
B0007,96,3.5180894096733835,2.1095038533250032,4.004180820751697,1.8946769674266934,-1.9895847140539353,-1.999980148540772,32.32869673458014,40.83166343948914,2902.109000000001,0.0006528620969876365,1.5853517062988178,79.26758531494089
B0007,97,3.517483295857047,2.1295447836320704,4.003275256185302,1.8737304725532313,-1.9897543975068532,-1.995744295058308,32.35654897469506,40.80901190938632,2892.032,0.0006478941009481331,1.5799737147242376,78.99868573621188
B0007,98,3.5169433235499175,2.138556110583413,4.0037133489441965,1.8651572383607835,-1.9896319961092583,-1.995283636272928,32.38066099722788,40.85871165572172,2883.625,0.0006468099140355571,1.5752185465278068,78.76092732639034
B0007,99,3.5157543330393346,2.143779366990932,4.002511828703125,1.8587324617121928,-1.9895868152987726,-1.9943198333456515,32.374656716323294,40.85947006208415,2873.875,0.0006467687222694768,1.5697984846488682,78.48992423244341
B0007,100,3.516365024265357,2.199196544880164,4.002378923486156,1.8031823786059924,-1.9896665880705315,-1.9968908750212224,32.40745091998962,40.83076008651047,2865.125,0.0006293555703873277,1.5702565375950357,78.51282687975178
B0007,101,3.5112158533584124,2.0252901014990434,4.001928702494173,1.97663860099513,-1.98972957799727,-1.9939195524210047,32.44179663134626,41.11177965652973,2865.391,0.0006898320686409394,1.5652498739094385,78.26249369547192
B0007,102,3.5119135597997078,2.0874226328484515,4.002071057119531,1.9146484242710797,-1.9895846367835042,-1.9941986616958327,32.42456412288442,41.02198691321317,2855.547,0.000670501457083732,1.5596339335611469,77.98169667805735
B0007,103,3.511476094652984,2.0863200514042264,3.9970463365792974,1.910726285175071,-1.9896956022507661,-1.9932029763532653,32.46482563330136,41.0301567487976,2865.094,0.0006668982885640301,1.5649820533392105,78.24910266696052
B0007,104,3.518926188530515,2.0588247910323827,4.008400516741801,1.9495757257094186,-1.9895568465930789,-1.99697276936168,33.133482397417765,41.64828391430545,2883.344,0.0006761509295142787,1.57497949984227,78.7489749921135
B0007,105,3.513544146114247,2.0077226844039666,4.0037146633184735,1.9959919789145069,-1.9898274358069052,-2.0040394709724123,33.0102122136467,41.66844996015672,2865.3440000000064,0.0006965976786432981,1.5652811168780458,78.2640558439023
B0007,106,3.5157511108883157,2.190682586389996,4.003707050124111,1.8130244637341155,-1.98978031660122,-2.0003771874564404,32.841190231526205,41.28896111788564,2845.766,0.000637095412530094,1.5597554974701258,77.98777487350628
B0007,107,3.5083226756873147,2.008435320437976,4.000397470231352,1.991962149793376,-1.9902194496707122,-2.005293715624197,32.66315931280971,41.41061840592637,2836.984,0.0007021407768931288,1.549897685670499,77.49488428352494
B0007,108,3.5111390940895184,2.164636064139996,4.000916717749625,1.836280653609629,-1.9897453377499206,-1.9945472659822976,32.65091916476675,41.22489756015607,2826.797,0.0006495976377538355,1.543877153134502,77.1938576567251
B0007,109,3.510194053817373,2.064742753691984,4.002464936010687,1.9377221823187036,-1.989969575967875,-1.9938553434941435,32.94200977551987,41.628894550758574,2828.469,0.0006850781049107144,1.5450187488690073,77.25093744345037
B0007,110,3.5122463374659967,2.170172617792397,4.001812206039417,1.83163958824702,-1.9897752754050273,-1.994538814315664,33.060571529833375,41.580531007260106,2818.327999999994,0.0006499029169944108,1.5445940154102908,77.22970077051454
B0007,111,3.508383248527401,2.120750718982474,4.000387553157027,1.8796368341745526,-1.9895687723351951,-2.0003871362753527,32.818781083915276,41.41771952967064,2809.578,0.0006690103759975885,1.5343086721758876,76.71543360879438
B0007,112,3.50707758542271,2.13627215665258,3.9994396145107673,1.8631674578581872,-1.98942546138396,-1.996471333028226,32.683254540603855,41.34385149164947,2799.843,0.0006654542622061977,1.5287603942958483,76.43801971479242
B0007,113,3.5072077920525815,2.093857236476905,4.000994233663604,1.9071369971866994,-1.9897987043125918,-1.9936433250812409,32.92104538239184,41.61182151115944,2799.75,0.0006811811758859539,1.5289260249179843,76.44630124589922
B0007,114,3.5049970793331124,1.9959465760122976,4.00037726015394,2.004430684141642,-1.989785078181215,-1.9952567240378405,33.19306197607103,41.9939097413463,2799.937000000001,0.0007158842088738574,1.529091650133123,76.45458250665615
B0007,115,3.5042498486448848,2.0305769860653866,3.9995656431130886,1.968988657047702,-1.9894605014345808,-2.001090966399853,33.06729563365494,41.804563527140616,2791.032,0.0007054697534989574,1.5239059324661248,76.19529662330623
B0007,116,3.5032321620900326,2.0758803797636745,3.9988074419270014,1.922927062163327,-1.9895535664136195,-1.9951199234830208,32.86452906589863,41.573207520626006,2781.422000000001,0.0006913467507495541,1.5186675419100617,75.93337709550309
B0007,117,3.5011725829413773,2.079354904824249,3.997750946332727,1.9183960415084784,-1.9896665626999626,-1.9951168532066288,32.698972139636055,41.47252918862011,2772.328,0.0006919801847070327,1.5136482266426952,75.68241133213476
B0007,118,3.5018355401322596,2.0585109366080414,3.998661989759855,1.9401510531518138,-1.9897574986200852,-1.99495231189078,32.95237145673034,41.748008904722944,2771.922,0.0006999298873315388,1.5136050185229033,75.68025092614516
B0007,119,3.5027574819820164,2.0253107306977376,4.0000296737662016,1.974718943068464,-1.9896055715657388,-1.994323430810411,33.30079824134256,42.0837292273589,2772.812,0.0007121719550652781,1.5139470614867965,75.69735307433983
B0007,120,3.504002843280893,2.0069579017420067,3.9924428383936217,1.985484936651615,-1.9896331609575766,-1.993558124867768,33.04035232899935,41.39523619862162,2809.015,0.0007068260356928016,1.5339599193158786,76.69799596579394
B0007,121,3.5135186901283957,2.19792648712031,4.005124875002045,1.8071983878817353,-1.9897718755106766,-2.002748484975491,33.12649736241225,41.29180260784525,2808.5,0.0006434745906646734,1.5391372798653098,76.95686399326549
B0007,122,3.504332601500001,2.0299415196572554,3.9996594412541664,1.969717921596911,-1.989389781808762,-1.9944619397860408,32.856319530679436,41.29465135543632,2790.688,0.0007058180354080825,1.5236247972838737,76.18123986419369
B0007,123,3.502936230173306,2.117150391576778,3.998194792213932,1.8810444006371538,-1.9893974196495001,-1.993640903324712,32.5385497006918,40.93833286137809,2772.468,0.0006784728987447841,1.5135813035589147,75.67906517794573
B0007,124,3.5014248420517506,2.130989905274772,3.9974459812499217,1.8664560759751496,-1.9893955849553286,-1.994011319738722,32.45338570159198,40.88025399949691,2761.906,0.0006757855176733566,1.5077850749847914,75.38925374923957
B0007,125,3.5002283927752047,2.129431831748565,3.9969530106525313,1.8675211789039663,-1.9894287158404365,-1.994441480864884,32.446146892866,40.88127612662327,2753.531,0.0006782277660589136,1.5031960676037333,75.15980338018666
B0007,126,3.499878939122831,2.164511453629433,3.996448878525669,1.831937424896236,-1.9893180644090898,-1.992734445097276,32.41539245853246,40.83189069697176,2744.015,0.0006676120301442361,1.497822059699588,74.8911029849794
B0007,127,3.498870350835078,2.1743012710834013,3.9957491771657376,1.8214479060823363,-1.9893741908468618,-1.994256304880574,32.383632616637364,40.807327050194274,2734.937,0.0006659926375204753,1.492848534633516,74.6424267316758
B0007,128,3.497545917185144,2.1928976284966537,3.99453357299432,1.8016359444976664,-1.9891166660867465,-1.993300105892976,32.27324475188153,40.686641340153976,2724.953,0.0006611622088519202,1.492414389867026,74.62071949335129
B0007,129,3.4927149262044237,2.029849589914729,3.994824183387684,1.964974593472955,-1.9893783675480943,-1.994355063355133,32.23697992805987,40.86486332049539,2725.297,0.0007210130101317232,1.4874827765380811,74.37413882690406
B0007,130,3.493442932319214,2.095949224783681,3.9940706179236334,1.8981213931399523,-1.989123759937459,-1.9927610429233324,32.24855201702578,40.77473394603251,2716.641,0.00069870159256963,1.4825351486404108,74.12675743202054
B0007,131,3.4945273125509817,2.1777234912195147,3.993593359734549,1.8158698685150343,-1.9894423406056247,-1.9944391195904976,32.272223258261704,40.72166278832649,2707.016,0.0006708013061300836,1.4827874322228984,74.13937161114492
B0007,132,3.490464012986968,2.056251340337525,3.9935347764515714,1.9372834361140465,-1.9891841102877266,-1.994379463643991,32.2246210954858,40.84540579465967,2706.375,0.0007158222478828864,1.476971179775059,73.84855898875296
B0007,133,3.4953147050526696,2.1512510632923165,3.988231513858322,1.8369804505660055,-1.9888861656306007,-1.992644974954703,32.52633529581134,40.69617126279692,2715.813,0.0006764016707210715,1.4819015554137276,74.09507777068637
B0007,134,3.5016458325964397,2.1693699073642034,3.999582558708621,1.8302126513444175,-1.9894136071775883,-1.9933389783603288,32.762388158414694,40.93274509035554,2734.813,0.0006692277136844155,1.4981366198874824,74.90683099437412
B0007,135,3.496785218505242,2.116759239247948,3.996548003959228,1.8797887647112796,-1.98921506270168,-1.9933817364068824,32.58649544370689,40.87492605424949,2715.5930000000008,0.0006922203602348655,1.4820775214392872,74.10387607196436
B0007,136,3.4904755625400745,2.009424225590032,3.9936622228672274,1.9842379972771953,-1.9891073989106127,-1.9932411647857315,32.399814170938676,40.894856898384425,2706.906,0.0007330280391255534,1.4771155312812152,73.85577656406076
B0007,137,3.487516865883944,2.0034792344341588,3.9919455384367137,1.988466304002555,-1.9893612136897287,-1.9955918107502648,32.16720750077555,40.73201932808003,2697.328,0.0007371985550153912,1.4720772783056488,73.60386391528245
B0007,138,3.493008372424093,2.172988732474185,3.9926210001311326,1.8196322676569476,-1.9893979181470194,-1.9935321227601952,32.478559656377506,40.81695538185939,2688.031,0.0006769387211892079,1.4722480136564542,73.61240068282271
B0007,139,3.4917651667881415,2.087464676179042,3.9936636465851088,1.906198970406067,-1.9891950031947898,-1.9930538887372675,32.69903679627661,41.06935617926997,2688.547,0.0007090071218416739,1.4670106672274663,73.35053336137332
B0007,140,3.4899556077596254,2.110564313669325,3.992592395538372,1.8820280818690471,-1.9892718685993676,-1.996737767854495,32.477115499148354,40.85275275873502,2678.812,0.0007025607179111662,1.4617672495335383,73.08836247667692
B0007,141,3.4859092144402615,2.0724687293779813,3.9911858223312464,1.918717092953265,-1.9893681069375904,-1.9940890874950363,32.19186070843694,40.67973163870937,2669.5,0.0007187552324230249,1.4566952670489708,72.83476335244853
B0007,142,3.4851165717483643,2.125382697327052,3.989743351761023,1.8643606544339706,-1.9892401997222624,-1.9932272893446616,32.05024170664468,40.52765679634122,2660.047,0.0007008750801899254,1.451354972758956,72.5677486379478
B0007,143,3.486568524006029,2.1147331324879475,3.9907357753232073,1.8760026428352599,-1.9896947172438657,-1.9966895581151056,32.338781505440735,40.81149673033023,2659.953000000001,0.0007052766130962688,1.451615926257375,72.58079631286874
B0007,144,3.4874738165490866,2.1738445330859366,3.9906314949520887,1.816786961866152,-1.989423656535207,-1.9930274022141448,32.38515991220719,40.721975999250816,2651.609,0.0006851639747286089,1.4468161332173683,72.34080666086842
B0007,145,3.4807038645844606,1.9947266977360072,3.990236104654093,1.9955094069180856,-1.9892896954318453,-1.9935942445664656,32.17182713964668,40.75875355611407,2651.703,0.000752538805031365,1.4467570607768785,72.33785303884392
B0007,146,3.477775517525241,2.0033802121225017,3.9881897814669314,1.9848095693444296,-1.989358996314715,-1.994370314261552,31.93575064346143,40.5960471432513,2641.797,0.0007513104032385643,1.4413797481446793,72.06898740723396
B0007,147,3.4793306609569545,2.116470909151213,3.987572134733069,1.8711012255818558,-1.9894424725077429,-1.9938361784378087,31.85830927873561,40.446471710483216,2632.329,0.0007108158689821278,1.4362456252208178,71.8122812610409
B0007,148,3.4796607624208478,2.0518773425116508,3.988239747554328,1.936362405042677,-1.9896436657553576,-1.994206051788244,32.17432440351975,40.71353875268081,2633.141,0.0007353812063397581,1.4368154153924828,71.84077076962414
B0007,149,3.4780291042437863,2.00322137530711,3.988993821410274,1.9857724461031636,-1.9894783773452862,-1.9935152471470985,32.19495441781238,40.86285832238215,2632.375000000001,0.0007543653340056651,1.4362945145860049,71.81472572930025
B0007,150,3.4745968102634643,1.9865974995249176,3.977573089543433,1.9909755900185155,-1.9894633589774868,-1.99378580594933,31.850563774842293,40.56969934012631,2642.532,0.0007534348079866263,1.4418575315878015,72.09287657939008
B0007,151,3.4926575674836564,2.1908121182442706,3.9948852079840247,1.804073089739754,-1.989685117736968,-1.996213250941652,32.27100704647173,40.52818743981595,2678.563,0.0006735227395210619,1.4672063484781797,73.36031742390898
B0007,152,3.4848540661354073,2.033261415031626,3.990137009747994,1.9568755947163678,-1.9893641659234105,-1.993458887321793,32.28246947307979,40.75679533191718,2660.704,0.0007354728653455506,1.4518640367848883,72.59320183924441
B0007,153,3.485922800470695,2.1913543960187503,3.989682856476188,1.7983284604574377,-1.9895648210628056,-1.993662634441788,32.10909198384719,40.441766344932425,2642.422,0.000680560660052572,1.44713797527485,72.3568987637425
B0007,154,3.4838669813796757,2.1840705012733683,3.989319801703324,1.8052493004299555,-1.9894140749623317,-1.9935668796843675,32.03096212205633,40.400629022259295,2632.843,0.0006856653816539594,1.4417905865623992,72.08952932811997
B0007,155,3.481620598765788,2.1664368343684446,3.9878695558265007,1.8214327214580561,-1.989562233590976,-1.9934697961408,31.97445257567654,40.388025710616006,2623.875000000001,0.0006941766362567026,1.431630947911111,71.58154739555555
B0007,156,3.4758090987091332,1.9871936674654485,3.9870803359476734,1.999886668482225,-1.989515586826269,-1.9934414275491168,31.980021129059917,40.635154043056936,2624.391,0.0007620383808975968,1.4318084249673686,71.59042124836843
B0007,157,3.4788808104105082,2.1314172797434523,3.987563942340935,1.8561466625974825,-1.9895679787596032,-1.9940355259074865,31.975636516271845,40.44154248401996,2614.125,0.0007100451059522718,1.4262562585106868,71.31281292553435
B0007,158,3.4786748772941127,2.188995882590831,3.986628316357507,1.797632433766676,-1.9894488111768258,-1.993771785891296,31.922039101719623,40.33246771652526,2604.36,0.0006902396111776697,1.4260877528924911,71.30438764462455
B0007,159,3.473892581991136,2.032246494641712,3.98570156184922,1.9534550672075084,-1.9894645455716582,-1.9938797141417293,31.94395654679138,40.592486196750045,2605.203,0.0007498283501160978,1.4212633510031694,71.06316755015847
B0007,160,3.4770759918799605,2.1695130053947387,3.986332491986942,1.8168194865922032,-1.9895042312484599,-1.9940053249383376,31.986617528575632,40.44622578982281,2596.25,0.0006997860323898713,1.4163272748795108,70.81636374397554
B0007,161,3.472049754343484,1.9917978280585305,3.985290546096004,1.9934927180374735,-1.989539129520902,-1.9936134940183787,32.04627470914194,40.7113405974859,2596.75,0.0007676875779483868,1.4165781829175994,70.82890914587998
B0007,162,3.4753071014478194,2.153448646261708,3.985381313542476,1.8319326672807676,-1.9894033711537293,-1.9932783787552537,32.07650390921678,40.53404994309629,2586.593,0.0007082415622715935,1.4108401729425175,70.54200864712587
B0007,163,3.470536811850823,2.0101572712330453,3.984627904061305,1.9744706328282597,-1.9894096079664585,-1.9936687629475545,32.02038881912821,40.67414585258148,2586.703,0.0007633155537486367,1.4109949628347804,70.54974814173902
B0007,164,3.473041658599616,2.132718741006573,3.985053429920273,1.8523346889136998,-1.9894689509120673,-1.9932378340066104,32.01175421194288,40.53416887153274,2578.016,0.0007185117116859243,1.4061714290398797,70.30857145199398
B0007,165,3.469525026483432,2.0114763339798887,3.984451374811159,1.9729750408312703,-1.9894836470924318,-1.9929534332525367,32.093108298692464,40.75998783542229,2578.141,0.0007652704180381407,1.4063358479692922,70.31679239846461
B0007,166,3.4724753535585062,2.1610456063312298,3.983825382993447,1.8227797766622174,-1.989483778301309,-1.997554904717948,32.106522904898,40.60518816724856,2567.547,0.0007099304420375625,1.4004552399066514,70.02276199533257
B0007,167,3.4756400203415674,2.0143553387267827,3.9785014173275983,1.9641460786008156,-1.9895151970313718,-1.9933150584565904,32.422459212254914,40.65639258944407,2606.078,0.0007536789300246638,1.4217865046055154,71.08932523027576
B0007,168,3.4873478754650535,2.1732119934933296,3.99705149919619,1.8238395057028605,-1.9899741069599595,-2.00603752072988,32.56885416665648,40.29759633066285,2624.813,0.00069484550164254,1.4324552720625434,71.62276360312717
B0018,1,3.536138835444963,2.472160843460044,3.9774320556541967,1.5052712121941525,-2.0090740713556783,-2.012995081928318,31.684921518289848,38.0711698137954,3337.953,0.0004509563832067595,1.8550045207910817,92.75022603955408
B0018,2,3.5449174324456756,2.4114381994148304,3.9830697832702464,1.571631583855416,-2.008467166894345,-2.012643873951446,31.8202918056249,38.089601873731226,3317.797,0.0004736973310469013,1.8431955317089987,92.15977658544993
B0018,3,3.5471763967084424,2.3943959681410267,3.9860359669128633,1.5916399987718366,-2.008148343733516,-2.0118244627327857,31.226148012058207,37.48191701356741,3312.078,0.0004805563150299711,1.8396018424355425,91.98009212177712
B0018,4,3.5477913451992573,2.3999481734774424,3.9859794233817385,1.5860312499042961,-2.0083046901496737,-2.0135271229076634,30.714198903390752,36.98405713758593,3295.937,0.00048120799939570935,1.8306736044962053,91.53368022481027
B0018,5,3.554291898755764,2.3851461229395867,3.991804278004573,1.606658155064986,-2.0093672189454668,-2.014479287336525,31.82963012252556,38.147535095538046,3297.921,0.0004871730266022098,1.8327002069419656,91.63501034709827
B0018,6,3.5570879841487253,2.371677070838912,3.994543295655797,1.6228662248168848,-2.008699054572163,-2.01246830059768,31.900046951234657,38.10753509760058,3291.688,0.0004930194553119508,1.8285288846046388,91.42644423023194
B0018,7,3.5594510452571324,2.49644915770408,3.993801632544399,1.4973524748403189,-2.0085972169840094,-2.0129654127777004,31.50043687099135,37.58357270953031,3268.781,0.00045807671876467676,1.8212011895697924,91.06005947848962
B0018,8,3.5571186055508024,2.4374506721131883,3.993512675572344,1.5560620034591555,-2.0088975813386973,-2.0253396376938984,31.149807029051914,37.3184121432918,3257.515,0.0004776837569310212,1.815170010643328,90.7585005321664
B0018,9,3.555884747461876,2.4152206992194847,3.9911591439209673,1.5759384447014826,-2.0089506527864716,-2.0164107237206794,30.969513041084884,37.20433928091077,3247.953000000001,0.00048520974432249547,1.8042980520967649,90.21490260483824
B0018,10,3.554530366621583,2.377432309524995,3.994471564040341,1.6170392545153458,-2.0090206714968284,-2.0137948590788683,31.00032912146615,37.425341588465415,3281.594,0.0004927603032292678,1.8231002302844224,91.15501151422112
B0018,11,3.5578490790810924,2.3887487262583647,3.9956600936010833,1.6069113673427187,-2.0087243205626817,-2.0130992718348324,31.369561852860738,37.644744202024505,3262.562,0.0004925305227433896,1.8121253520255487,90.60626760127744
B0018,12,3.5582079711731005,2.432289857016922,3.995351382925073,1.563061525908151,-2.008421136836826,-2.012646457499825,31.153775885763103,37.33609990125393,3239.625,0.00048248223973705324,1.8046916382117768,90.23458191058884
B0018,13,3.5572954920707556,2.497495633221204,3.99335473886119,1.495859105639986,-2.008170463422719,-2.0119399084056906,30.723018474425224,36.86738796169136,3215.172,0.0004652501034594684,1.790844349786295,89.54221748931475
B0018,14,3.5544020238378353,2.478768686108376,3.99071235802183,1.5119436719134542,-2.008381011903203,-2.0137048273953067,30.365063388922817,36.603235149147785,3201.688,0.00047223329441015307,1.783470722841926,89.1735361420963
B0018,15,3.5552620643864565,2.385849407868021,3.9966517193241007,1.6108023114560797,-2.0093911580227077,-2.0130040542547274,30.642558849640384,37.03299324564395,3205.844000000001,0.0005024581082099064,1.7809386125310702,89.04693062655352
B0018,16,3.5565990249181088,2.3728540844495507,3.995770539702488,1.6229164552529372,-2.008895739217849,-2.014784153266325,31.253767852010267,37.58137605860513,3189.328,0.0005088584351477607,1.7712090396726985,88.56045198363492
B0018,17,3.557568219573713,2.4086912736769084,3.996693208990996,1.5880019353140877,-2.0082820142625324,-2.0129355983090056,31.324098471474606,37.539269380140006,3175.391,0.0005000965031752272,1.7686303996707076,88.43151998353538
B0018,18,3.5563660110132957,2.496331992137246,3.9943059515240766,1.4979739593868304,-2.008008675607388,-2.0117266911103093,30.89256600491382,37.06827274405187,3148.86,0.00047571945382990366,1.7536304801917124,87.68152400958562
B0018,19,3.5502942867772065,2.4199896352919668,3.990202870229397,1.5702132349374303,-2.00785080901441,-2.012077515518729,30.356490190160045,36.6839193585151,3135.906,0.0005007207597859854,1.7462197416415093,87.31098708207547
B0018,20,3.547671392223552,2.3587321881999297,3.9925423556192494,1.6338101674193197,-2.0079205521138768,-2.011349710066744,30.01970645810451,36.42019668187144,3131.078,0.0005218043649565165,1.7376647337053737,86.88323668526868
B0018,21,3.54794167502104,2.4458096660548825,3.991765844739719,1.5459561786848366,-2.0084368100518932,-2.0122749284189503,29.866561232820356,36.2705433192296,3108.687,0.0004973019730467675,1.7315166735475835,86.57583367737918
B0018,22,3.544438385995824,2.3808537751929744,3.987618502480127,1.6067647272871528,-2.0082755313412024,-2.012448687975656,29.96977959246428,36.421376233394135,3078.438,0.0005219415584420257,1.7085949894470602,85.42974947235301
B0018,23,3.5451776642785324,2.436955746154759,3.98945397925462,1.5524982330998611,-2.0083472636846733,-2.012334644346066,29.94297768062706,36.37111536545846,3072.86,0.0005052290807585966,1.7114699570682108,85.57349785341054
B0018,24,3.5438505907555125,2.467136573179072,3.9885843654501465,1.5214477922710743,-2.0079921945408548,-2.0122688936966697,29.854578136524193,36.277265430122725,3066.36,0.0004961738974781415,1.7075021373272627,85.37510686636314
B0018,25,3.5468434551282595,2.4129371999368505,3.9919005984576086,1.578963398520758,-2.008833992818024,-2.012513173999148,29.99459283804364,36.50809345894971,3139.875,0.0005028746044096526,1.7492382064360228,87.46191032180114
B0018,26,3.5485160241609015,2.3497771039810256,3.994198066867956,1.6444209628869304,-2.009336746605689,-2.0129844574191207,30.726992696735316,37.272103613203534,3120.39,0.0005269921269094346,1.7327697147429957,86.63848573714978
B0018,27,3.552335654952274,2.4904700018477026,3.9945602268704015,1.5040902250226988,-2.008822392798877,-2.013596799411644,31.149672626415914,37.484318794075584,3091.484,0.0004865269317333355,1.7222313328292376,86.11156664146188
B0018,28,3.550018841968187,2.4650908929255406,3.994574849075072,1.5294839561495315,-2.008665540649761,-2.0157162812456435,31.100527023388413,37.44591895967972,3073.14,0.0004976942007684426,1.711846298984729,85.59231494923645
B0018,29,3.5439666079766803,2.363133281953362,3.991259145570079,1.628125863616717,-2.0084791321474365,-2.0125462740568847,30.872024993156547,37.37929193731929,3061.906,0.0005317360701526165,1.6992678351266868,84.96339175633435
B0018,30,3.545319499503973,2.4790616361836206,3.992770989435381,1.5137093532517603,-2.0086585301672324,-2.0128004399827857,30.69120794618236,37.10967106898499,3041.235,0.0004977285061008966,1.6940366439243106,84.70183219621553
B0018,31,3.543939043384482,2.491905723274248,3.9924446856561033,1.5005389623818552,-2.0087710205424667,-2.0132684044986244,30.733426774303148,37.21868803130104,3019.516,0.0004969468492241324,1.6819027078768087,84.09513539384044
B0018,32,3.5425123413813524,2.4337177596826547,3.9929425563364096,1.559224796653755,-2.0089000935216115,-2.013231862286827,31.04264006303817,37.59506014554184,3010.438000000001,0.000517939514666555,1.6769770618433686,83.84885309216843
B0018,33,3.5413447914281724,2.4424506461535755,3.9912037119492383,1.5487530657956627,-2.0085631259724854,-2.0132145295965795,31.218133644831603,37.72573404565284,2990.391,0.0005179098873009124,1.6655229306478936,83.27614653239468
B0018,34,3.537344756958107,2.4383419399858552,3.988083214137215,1.5497412741513599,-2.0084289898566845,-2.014122293372892,30.957570344305296,37.52606074622505,2975.704,0.000520798195704734,1.6571924575832084,82.85962287916043
B0018,35,3.535534473703932,2.4157245398944123,3.991660650061072,1.5759361101666598,-2.0085867346477166,-2.0127023314619743,30.745919031651596,37.384038172918025,2970.797,0.0005304758656234875,1.6482241555294048,82.41120777647023
B0018,36,3.529949833106193,2.3233957125248943,3.9904104135968654,1.6670147010719711,-2.008587541222602,-2.013140654116361,30.60778712399989,37.39793737529416,2954.297,0.0005642678109451999,1.6387701497987262,81.93850748993631
B0018,37,3.5320632774062144,2.4985039496028567,3.9883083862136073,1.4898044366107506,-2.008795459755868,-2.014033000339436,30.57141618082778,37.21688662599136,2922.375,0.0005097923560839217,1.6276486907262062,81.38243453631031
B0018,38,3.5284781220915042,2.3502372387397488,3.9894784347318666,1.6392411959921178,-2.0090028139102487,-2.012673084048405,30.87631166603218,37.73302692828877,2923.531,0.0005607059394930712,1.62215370227252,81.107685113626
B0018,39,3.5256393788836227,2.3337740352348813,3.986047108541437,1.6522730733065556,-2.008665935027266,-2.012635202899368,30.988467356810403,37.841989781229785,2909.39,0.0005679104806528364,1.6140066510467586,80.70033255233793
B0018,40,3.533588467102378,2.317647291087635,3.9911253097798456,1.6734780186922107,-2.0088708347326576,-2.01318368468478,30.440022068159298,37.2696094894026,3020.407,0.0005540571249809084,1.6760516154424625,83.80258077212312
B0018,41,3.5356314177272563,2.492394514304757,3.98870478480003,1.496310270495273,-2.0083075197664173,-2.012193154001789,30.623431677698335,37.17851155117441,2961.843,0.0005051956739419588,1.649300642552199,82.46503212760994
B0018,42,3.529441339971077,2.372828310153791,3.9900392181338313,1.6172109079800405,-2.0082969039290846,-2.012774153678253,30.426747013200274,37.145556954500414,2943.047,0.0005495022362809838,1.63238299185809,81.6191495929045
B0018,43,3.5247710273767425,2.3560703177076867,3.9877042756039134,1.6316339578962267,-2.008324311402503,-2.012946778665685,30.217319491788494,37.0387210082244,2914.484,0.0005598363064941262,1.6164159719025777,80.82079859512888
B0018,44,3.52321101084017,2.4644431530094417,3.9860023972686593,1.5215592442592176,-2.0082550696735364,-2.0135827897679706,29.992969501415615,36.80724434189988,2893.109,0.000525925308814572,1.6109028378249377,80.54514189124689
B0018,45,3.5202583288709777,2.4195167274486726,3.985873664259607,1.5663569368109345,-2.008450691256465,-2.013020303951627,29.96684881901305,36.83074553841781,2876.75,0.0005444883764007767,1.5954638693695655,79.77319346847828
B0018,46,3.5440110020207505,2.3422406504312434,3.989700798189463,1.6474601477582196,-2.0085977554966763,-2.023314533825632,30.35643153634755,36.59465442180326,3111.047,0.0005295516743264308,1.7267074400857645,86.33537200428822
B0018,47,3.5472249247649636,2.3755467142668496,3.9951591811873577,1.619612466920508,-2.008045406320666,-2.012680983917414,30.473218105053302,36.60468095517924,3082.766,0.0005253763882566851,1.7165673917429751,85.82836958714876
B0018,48,3.545238817237454,2.414629137532592,3.9948553143343566,1.5802261768017645,-2.008076377173471,-2.0115911942512583,30.37027304731118,36.60941516327632,3045.5,0.0005188724927932243,1.6958235570934848,84.79117785467423
B0018,49,3.5413068231266918,2.3844645496129964,3.9934384079495575,1.6089738583365611,-2.008044634353858,-2.01260531537844,30.31710513404508,36.64790759307344,3013.219,0.0005339717618721245,1.6777783190792557,83.88891595396278
B0018,50,3.5384888528316645,2.398646371281655,3.990874069324516,1.5922276980428611,-2.0086283505430695,-2.0134407767806635,30.21384653423712,36.64251204275912,2981.578,0.0005340218159789417,1.6606586897774192,83.03293448887096
B0018,51,3.5431569135343404,2.4557130111721626,3.9941219155926015,1.538408904420439,-2.0084504621472306,-2.0130995106645164,30.90816323907625,37.218342436618784,2992.203,0.0005141392159624327,1.6664109274827466,83.32054637413732
B0018,52,3.5373036479847175,2.323665882820083,3.99348903009184,1.669823147271757,-2.0081774043791194,-2.0125662318740924,30.859498565880337,37.337248455152285,2968.921999999994,0.0005624341586851256,1.6468336174407805,82.34168087203902
B0018,53,3.5368032842880406,2.4880540795100115,3.989308407072656,1.5012543275626444,-2.008047823295511,-2.0267185524079485,30.624980369769105,36.99461076469677,2920.047,0.0005141199191528919,1.6257639928779952,81.28819964389976
B0018,54,3.5298753421763354,2.3306937114568003,3.9895799777402488,1.6588862662834485,-2.0081296105596755,-2.013261835361458,30.467437639497316,37.03307918151261,2906.875,0.0005706768492912315,1.6121577411874597,80.60788705937298
B0018,55,3.5283596667475363,2.389399831578688,3.9899917940257614,1.6005919624470732,-2.008406377588277,-2.0186878439171223,30.394621989887906,37.026048931109145,2895.109,0.0005528606910645068,1.6057366823755344,80.28683411877672
B0018,56,3.5321737880429236,2.4864200723178747,3.9914152788046975,1.5049952064868228,-2.0086486657654388,-2.0123716412031816,30.508829401558238,37.01360881264833,3004.875,0.000500851185652256,1.673645314879889,83.68226574399445
B0018,57,3.537431443017044,2.4673631110639858,3.993887435926269,1.526524324862283,-2.0084581691622647,-2.013097827670719,30.726480786777863,37.13999502043664,2945.829,0.0005181985528903011,1.6404348572349936,82.02174286174969
B0018,58,3.530771052270545,2.375173080957566,3.9917913916020415,1.6166183106444754,-2.0084360229716753,-2.0125787987088013,30.698840899764967,37.24312487153826,2908.765,0.0005557748084305454,1.6132653317422077,80.66326658711039
B0018,59,3.5257059004356437,2.3716260221112893,3.98745814029336,1.615832118182071,-2.008404805026453,-2.0150196927644743,30.592089805627527,37.21612640271805,2870.86,0.0005628390510794922,1.5920964324686278,79.60482162343139
B0018,60,3.523791637028649,2.463955873060647,3.9863138386102857,1.5223579655496389,-2.0082255324688965,-2.020734675534358,30.462519153815293,37.1063495531188,2849.735,0.0005342103618580812,1.5866011820698824,79.33005910349412
B0018,61,3.5231961270398298,2.4755452966332583,3.9887961759394455,1.5132508793061872,-2.0084566800862813,-2.012930230685489,30.411949803003992,37.06309763144146,2837.687,0.0005332691305652058,1.580076649033625,79.00383245168126
B0018,62,3.518988851693892,2.3791563087604626,3.988603024427432,1.6094467156669694,-2.0083164500067285,-2.0135210876274656,30.582755079470065,37.38044606479493,2821.156,0.0005704919244688948,1.5641732953289167,78.20866476644584
B0018,63,3.5185859131678603,2.4776158338943337,3.9871623139624464,1.5095464800681127,-2.008221600246556,-2.013049747683001,30.55949771723326,37.27421365851993,2794.203,0.0005402422372562454,1.5556182721939218,77.78091360969609
B0018,64,3.514102845201598,2.4205549690097223,3.9859524746634047,1.5653975056536824,-2.008043835891462,-2.01215000710487,30.55377489423215,37.36155077653238,2778.6710000000007,0.00056336194736753,1.5402045278637395,77.01022639318697
B0018,65,3.5097998902788654,2.4153884971124047,3.982183346535898,1.5667948494234931,-2.008118767665076,-2.0124985987201267,30.45941192715348,37.4240706098966,2764.203,0.0005668161308787716,1.5321613015959863,76.60806507979932
B0018,66,3.5087547293806556,2.3974205597873093,3.9853630428829487,1.5879424830956395,-2.0081500715379272,-2.013303363874512,30.39259475038344,37.32170855453938,2763.172,0.000574681012653443,1.5316232403693415,76.58116201846707
B0018,67,3.5085578955066308,2.497752653580319,3.983953339566874,1.4862006859865549,-2.0083718718630945,-2.0127782408337165,30.29029668613133,37.21803909766334,2734.25,0.0005435496702885819,1.5222595950771978,76.11297975385989
B0018,68,3.501311839878953,2.3726090777895896,3.980342574912736,1.6077334971231463,-2.0084153164838168,-2.011894643612056,30.29968485766656,37.36146310752568,2717.89,0.0005915373680035419,1.5065267126851285,75.32633563425642
B0018,69,3.499667519236521,2.3684425754299103,3.9817333922473934,1.613290816817483,-2.008443243134286,-2.0125266173463885,30.31451641124531,37.42277934016961,2708.859,0.0005955610154745902,1.5014219556532926,75.07109778266464
B0018,70,3.4952205676567734,2.331968556073514,3.9782300177982255,1.6462614617247113,-2.0082691997970543,-2.0121939690963395,30.288762618895692,37.49473111043237,2700.0,0.0006097264673054487,1.4963534117486457,74.81767058743229
B0018,71,3.5070360677630683,2.4057755306304176,3.9839722188887854,1.5781966882583678,-2.008536182443509,-2.0205100517708847,30.485852807910582,37.595200808006354,2766.187,0.0005705314529561334,1.5334262000312422,76.6713100015621
B0018,72,3.5077744935427884,2.4720838848798987,3.9849041389872633,1.5128202541073645,-2.008524238824126,-2.0131819742858483,30.796634409077424,37.76481484354,2737.016,0.0005527261273252931,1.523845267514426,76.1922633757213
B0018,73,3.4990451838243826,2.3427313260965392,3.979762988787582,1.6370316626910428,-2.0086607001626615,-2.013496073486494,30.80595566657141,37.78398551406109,2708.328,0.0006044436503595735,1.501192099426124,75.0596049713062
B0018,74,3.4987110624086557,2.4198650452188226,3.9814871579839153,1.5616221127650927,-2.0084203204762483,-2.0122733205325782,30.72135585538674,37.78514285378528,2692.922,0.0005798987541284496,1.492417671450291,74.62088357251456
B0018,75,3.4960321879305147,2.438879997223475,3.9799214990081424,1.5410415017846675,-2.0082739787647648,-2.013027320256293,30.532602070334384,37.6559139355,2676.906000000001,0.0005756800955224677,1.483323851940123,74.16619259700616
B0018,76,3.494661675471472,2.430465824271706,3.9801259682408254,1.5496601439691196,-2.0085597681721126,-2.012954260463709,30.523371929852633,37.654809817103455,2671.969,0.0005799693574173651,1.4807376792294196,74.03688396147098
B0018,77,3.494299053613475,2.4907267597860656,3.9788423200921335,1.4881155603060678,-2.0088092411534544,-2.012741175686338,30.615016399307283,37.737596057118175,2646.562000000001,0.0005622825236310607,1.4735077809902477,73.67538904951239
B0018,78,3.4908132729036923,2.367832802864477,3.980300739610768,1.6124679367462909,-2.0084836488742694,-2.013377348559974,30.863722217845496,38.09038375777367,2649.453,0.0006086040917677312,1.46801928526661,73.40096426333051
B0018,79,3.486717195536324,2.3532703553328904,3.9784444254083726,1.6251740700754822,-2.008389571567312,-2.0132114764104867,30.726827025667628,38.00992689757296,2631.657,0.0006175478301600406,1.458092355711902,72.90461778559511
B0018,80,3.4811362790018103,2.362897904778893,3.972972205460764,1.610074300681871,-2.0081873576507263,-2.014293661039269,30.535176592055368,37.85828309176389,2613.703,0.0006160127224408707,1.44786609888914,72.393304944457
B0018,81,3.484303184776506,2.420200016704328,3.981209061878465,1.5610090451741367,-2.0083259428219704,-2.013245286480298,30.328589178414074,37.61605801135635,2622.406,0.0005952583410708093,1.4527808777541982,72.6390438877099
B0018,82,3.4826243735375355,2.472605886588914,3.975454863827839,1.502848977238925,-2.008737858649462,-2.0138967840468363,30.431998046283553,37.7246970891929,2591.14,0.0005799952828634984,1.4425356364492432,72.12678182246216
B0018,83,3.483586924647214,2.4831654622265567,3.976161287046055,1.4929958248194986,-2.0086575745635944,-2.0132739002306224,30.7153512110731,37.98551681587083,2585.344,0.0005774843985247219,1.4392712877203313,71.96356438601657
B0018,84,3.48157879435063,2.434198683008624,3.976661342432683,1.542462659424059,-2.00864269511472,-2.0131642650090824,30.894944602108424,38.19674988450911,2578.875,0.0005981145497257754,1.4286475681888218,71.43237840944109
B0018,85,3.4789735512661566,2.497859027600416,3.972468365089649,1.474609337489233,-2.0082305099293727,-2.0124537166023515,30.73975176551376,38.01732029246076,2560.203,0.0005759735995502049,1.4249026750004896,71.24513375002448
B0018,86,3.4881639698633027,2.374740845794832,3.979334148169776,1.6045933023749441,-2.0085628760883907,-2.013506755621097,30.671810336321016,37.88680244835222,2652.829,0.0006048611887064504,1.4698115324524124,73.49057662262062
B0018,87,3.484496493398354,2.3589340839760866,3.977902934907727,1.6189688509316404,-2.008371733809909,-2.014872086495032,30.777812722837048,38.01304962019312,2622.313,0.0006173820024274907,1.4525819651050202,72.62909825525101
B0018,88,3.481784556168153,2.4413266342198545,3.9759112909860135,1.534584656766159,-2.0085156727209115,-2.012630004080512,30.54122354264731,37.75581165232301,2592.125,0.0005920179994275581,1.4428341989087938,72.14170994543969
B0018,89,3.4735229125013007,2.311419659807122,3.9740237449120217,1.6626040851048995,-2.0081836215248234,-2.012054810012164,30.421198911839287,37.85013725897721,2579.25,0.0006446075739478141,1.4283760588079488,71.41880294039744
B0018,90,3.473128532146331,2.495315923820125,3.968134843876171,1.4728189200560462,-2.008397758557852,-2.011816454093025,30.140495625810388,37.463991469172406,2543.204,0.0005791194572106862,1.4154547844370715,70.77273922185357
B0018,91,3.484228040202056,2.4398479869382084,3.9814134020660914,1.541565415127883,-2.008769241195419,-2.0147251295387147,30.77159249616506,38.00393175295693,2612.781,0.0005900094248725336,1.454576670077708,72.7288335038854
B0018,92,3.4782332548157595,2.376538319699514,3.97457640680766,1.5980380871081459,-2.008614476413573,-2.01362953818943,30.8869484184099,38.197040570889705,2578.688,0.0006197097466262479,1.4283179548274056,71.41589774137029
B0018,93,3.4761228909535884,2.3722299202290382,3.9745738376906736,1.6023439174616354,-2.0087897825797736,-2.0143431411678145,31.00081960565952,38.32492774124768,2563.141,0.0006251485647733135,1.4197026883204058,70.98513441602029
B0018,94,3.4742697400163265,2.361475505115684,3.974691276927047,1.613215771811363,-2.0085915277499033,-2.013805013275104,31.038367458472873,38.3538628354355,2555.937,0.0006311641373834188,1.4155606630306516,70.77803315153258
B0018,95,3.4677485105168677,2.317937855025735,3.969760864445595,1.6518230094198603,-2.0089432190016585,-2.014010365385768,30.864473128524875,38.336319971243576,2537.875,0.0006508685453065499,1.405680035419228,70.2840017709614
B0018,96,3.4698442576860318,2.3372859753156225,3.973013721219498,1.6357277459038753,-2.0085470210786105,-2.0131370671090902,30.880134197066713,38.31066138715079,2543.344,0.0006431405841694537,1.4084461071166137,70.42230535583069
B0018,97,3.4672181780101567,2.35288102649522,3.972301704436567,1.6194206779413474,-2.0086412562077456,-2.0146560328783325,30.898495573402748,38.34554779521408,2522.422,0.0006420102100050457,1.3968547782872414,69.84273891436207
B0018,98,3.468557578251487,2.4646122144537173,3.9712949375867903,1.506682723133073,-2.0089150442947687,-2.013905602750019,30.90308174478552,38.26069911966897,2503.4059999999968,0.0006018531245563345,1.3935670371440676,69.67835185720338
B0018,99,3.4680175091491705,2.4684655225527004,3.971804946875207,1.5033394243225064,-2.0090385190949958,-2.0129862192992305,31.007522970619124,38.38622612946944,2495.844,0.0006023370949155902,1.3893644292809475,69.46822146404737
B0018,100,3.462797960189216,2.409292353940073,3.96832652242262,1.559034168482547,-2.0088228396371735,-2.0130373888261315,30.991700717544898,38.44569270871778,2489.734,0.0006261850336150557,1.3785651415666709,68.92825707833354
B0018,101,3.465953502419595,2.4776254803727795,3.970358672380945,1.4927331920081657,-2.008627443055585,-2.012440412153309,30.898411675047146,38.271327795070576,2488.25,0.0005999128672794799,1.384901110085747,69.24505550428735
B0018,102,3.4584578459213406,2.335608852853518,3.966866290228898,1.6312574373753796,-2.0092679272350136,-2.0141857432600783,30.914548965403156,38.44431897783935,2474.453,0.0006592396127044561,1.3703251814242443,68.51625907121222
B0018,103,3.461861026021666,2.441999086782534,3.969836004638165,1.5278369178556308,-2.0089366364646835,-2.014463667770562,31.032742304528448,38.4567045603344,2467.25,0.0006192469015525913,1.3733464385229082,68.6673219261454
B0018,104,3.4615867261923348,2.465168783147216,3.968848131739159,1.5036793485919429,-2.0088623855884413,-2.013348921415113,31.098661179201603,38.51321070482653,2457.656,0.0006118347517276392,1.3679487285504814,68.39743642752407
B0018,105,3.4552279192238213,2.370892032033162,3.964808738784488,1.593916706751326,-2.0088471278492057,-2.013428528654807,31.093906314187006,38.66427230609814,2450.594,0.000650420553854015,1.3567141087089647,67.83570543544823
B0018,106,3.4875169578941887,2.461879783248223,3.9768342225807256,1.5149544393325027,-2.0087849100423756,-2.01277944734302,29.993376798639815,37.117759545012696,2623.484,0.0005774589970178979,1.4604310209194575,73.02155104597287
B0018,107,3.4880933266375846,2.424706636890725,3.9783042471287136,1.5535976102379885,-2.008774755264396,-2.0200047420918392,30.558990327923492,37.66599214993621,2604.985,0.0005963940714583725,1.4500998937104097,72.50499468552049
B0018,108,3.4879918631699,2.444722297403138,3.9784231759394455,1.5337008785363073,-2.0083469303063053,-2.0133646895300226,30.925016349429075,37.960627296378775,2584.172,0.0005934979864096922,1.4381406901824496,71.90703450912248
B0018,109,3.484122961468953,2.443569395327192,3.977410448953089,1.5338410536258968,-2.0082563732111978,-2.014594160102108,30.769898460341107,37.843583235900304,2567.172,0.0005974827762323275,1.4283681980964316,71.41840990482157
B0018,110,3.47931619296773,2.4666000274194886,3.973701984751137,1.5071019573316482,-2.008494772136643,-2.012470648259109,30.56735328481305,37.70386654430651,2542.094,0.0005928584691721266,1.4147874517552432,70.73937258776216
B0018,111,3.4758294729242656,2.4272514813701016,3.9744157372388895,1.547164255868788,-2.008489071216285,-2.0131822133527364,30.39204997320539,37.602507942781926,2540.937,0.0006088951657867897,1.4138891633931818,70.69445816965909
B0018,112,3.4749308694714327,2.4762628371779,3.971688672808064,1.4954258356301637,-2.0086129433975417,-2.0130225462243683,30.540478123283652,37.76210774695271,2513.562,0.0005949428880728479,1.3989331662177225,69.94665831088612
B0018,113,3.4735304804126477,2.3607989727330003,3.973888215710456,1.6130892429774555,-2.009424103630886,-2.0189079388265974,30.979688950812918,38.307963863145964,2519.406,0.0006402656987311515,1.3953322584033976,69.76661292016988
B0018,114,3.474973349882412,2.3770115865881984,3.975037461125397,1.5980258745371985,-2.008950912820816,-2.0127659280076595,31.43230100405566,38.67562662855951,2510.656,0.0006364973435377839,1.390046129540245,69.50230647701225
B0018,115,3.4721005348471694,2.456756319667845,3.9715701814118303,1.5148138617439852,-2.0083014967541066,-2.013042493892728,31.22410103931416,38.465014767124295,2491.0310000000036,0.0006081071900526261,1.3860271454209647,69.30135727104823
B0018,116,3.4674223812571605,2.3277314025979847,3.978040650471743,1.6503092478737584,-2.008331512271585,-2.012206599766764,30.805195716920327,38.20067324159929,2508.172,0.0006579729172775066,1.388215260193751,69.41076300968754
B0018,117,3.4652262651256267,2.4537913827403948,3.969978691569614,1.516187308829219,-2.0082857658387394,-2.012141821898546,30.6132284174951,37.91928891103033,2473.265,0.0006130306735546814,1.3761826562394497,68.80913281197249
B0018,118,3.4587006608965027,2.3475608877759067,3.9682554696472567,1.62069458187135,-2.00830206178478,-2.01231372073967,30.45095846001563,37.88966309875926,2466.109,0.0006571869215315909,1.3647168898640163,68.23584449320082
B0018,119,3.4565116404023524,2.3558347560196564,3.968159611517484,1.6123248554978278,-2.0080480959388423,-2.0131811880616888,30.36327187864399,37.82773949115715,2456.282,0.0006564086922828192,1.3589854739373584,67.94927369686792
B0018,120,3.451011362189034,2.3791102362944763,3.9622631708199503,1.583152934525474,-2.008163534991917,-2.013273464922821,30.160183343929848,37.64818525006599,2433.704,0.0006505117033646959,1.34623087640088,67.311543820044
B0018,121,3.4791459638760385,2.444740635238248,3.9796150550992575,1.5348744198610094,-2.0086897764556326,-2.013950042532596,30.008037571842234,37.24067403454629,2563.703,0.0005986943182814114,1.4268427818454643,71.34213909227321
B0018,122,3.4767956785866945,2.431867772331712,3.972981024647821,1.541113252316109,-2.0085960410066903,-2.012375320433943,30.437446674926374,37.614601509632784,2527.265,0.0006097948779871162,1.4064481483279665,70.32240741639832
B0018,123,3.4723876977091805,2.344037291947413,3.973801162456697,1.6297638705092838,-2.0083950917755597,-2.0124205467796688,30.617673914779026,37.839370631605945,2517.86,0.0006472813700957495,1.3934907492075153,69.67453746037576
B0018,124,3.47237468907805,2.4564368630572595,3.972717927606122,1.5162810645488625,-2.0081999946313274,-2.0131578787415245,30.533810898051062,37.6972955351138,2495.11,0.0006077010891499222,1.3882493512249316,69.41246756124659
B0018,125,3.465528106351623,2.3955476683344314,3.967855002083714,1.5723073337492828,-2.00838289760736,-2.0123169807019234,30.446606293365928,37.7426165995623,2476.188,0.0006349709043696532,1.3701878338420928,68.50939169210464
B0018,126,3.4675482430917945,2.453674917297921,3.970085138503913,1.5164102212059918,-2.008802091789388,-2.0152254170182307,30.42374118471849,37.684553693657726,2479.063,0.000611686843458997,1.379695166560862,68.9847583280431
B0018,127,3.4636501085080806,2.3062728144586413,3.9701960465423496,1.6639232320837083,-2.0088760928063634,-2.01421415925087,30.773244575962792,38.1825631848398,2472.968,0.0006728446272186734,1.3686586323935683,68.43293161967841
B0018,128,3.46632961657561,2.3471092023857154,3.971517929091366,1.6244087267056506,-2.00918831826083,-2.0128415184323125,31.285421333080667,38.61408664348295,2461.922,0.0006598132380740132,1.3627371779096438,68.13685889548219
B0018,129,3.470612173200448,2.4884289104730986,3.971402947711337,1.4829740372382383,-2.0088612659218357,-2.014392678620289,31.475028252582682,38.60862909582973,2449.796,0.0006053459297175105,1.3634051133928071,68.17025566964035
B0018,130,3.4609423953436265,2.3992178234155577,3.9649810920107766,1.565763268595219,-2.008500445490069,-2.012835608795986,31.189205806687017,38.51775158653511,2429.578,0.0006444589424975114,1.3518646035305233,67.59323017652616
B0018,131,3.4577676436052722,2.278633888650029,3.9688467837577353,1.6902128951077064,-2.008333951262155,-2.011864019911752,30.997749405520622,38.40384878843207,2449.0,0.0006901645141313623,1.3547969729652622,67.7398486482631
B0018,132,3.456059093731286,2.365584676338373,3.9675134643283534,1.6019287879899804,-2.00868806469197,-2.0128686821286053,30.73061055291438,38.14374167756122,2423.844,0.0006609042446584766,1.3410514406404852,67.05257203202426
